Timestamp,Month,Month in Number,Day in Number,Year,Week,Platform,Pipeline Name,Table Name,Pipeline Type,Source System,Source Layer,Target Layer,Run Type,Schedule,Duration,Status,Owner,Remarks,Assigned to
3/1/2026,March,3,01,2026,Week 1,Databricks,prod-gdo-fdh-workflow-okya,,Streaming,Okya,,Bronze,Scheduled,Hourly,0:10:57,Success,Blazeclan,,
3/1/2026,March,3,01,2026,Week 1,Databricks,prod-gdo-fdh-workflow-digital-performance,,,,,,Scheduled,Daily (12:30 AM) ,0:10:42,Failed,TM,,
3/1/2026,March,3,01,2026,Week 1,Databricks,prod-gdo-fdh-workflow-okya,,Streaming,Okya,,Bronze,Scheduled,Hourly,0:10:56,Success,Blazeclan,,
3/1/2026,March,3,01,2026,Week 1,Databricks,prod-gdo-fdh-workflow-okya,,Streaming,Okya,,Bronze,Scheduled,Hourly,0:10:32,Success,Blazeclan,,
3/1/2026,March,3,01,2026,Week 1,Databricks,prod-gdo-fdh-workflow-braze,,,,,,Scheduled,Daily (2:00 AM),0:22:07,Success,TM,,
3/1/2026,March,3,01,2026,Week 1,Databricks,prod-gdo-fdh-workflow-qmai-bronze,,Streaming,QMAI,,Bronze,Scheduled,Daily (2:00 AM),0:15:08,Success,Blazeclan,,
3/1/2026,March,3,01,2026,Week 1,Databricks,prod-gdo-fdh-workflow-okya,,Streaming,Okya,,Bronze,Scheduled,Hourly,0:10:43,Success,Blazeclan,,
3/1/2026,March,3,01,2026,Week 1,Databricks,prod-gdo-fdh-workflow-qmai-silver-product_goods,,,,,,Scheduled,Daily (3:00 AM),0:08:46,Success,Blazeclan,,
3/1/2026,March,3,01,2026,Week 1,Databricks,prod-gdo-fdh-workflow-qmai-silver,,Batch,QMAI,,Silver,Scheduled,Daily (3:00 AM),0:08:17,Success,Blazeclan,,
3/1/2026,March,3,01,2026,Week 1,Databricks,prod-gdo-fdh-workflow-okya,,Streaming,Okya,,Bronze,Scheduled,Hourly,0:10:24,Success,Blazeclan,,
3/1/2026,March,3,01,2026,Week 1,Databricks,prod-gdo-fdh-workflow-okya,,Streaming,Okya,,Bronze,Scheduled,Hourly,0:10:43,Success,Blazeclan,,
3/1/2026,March,3,01,2026,Week 1,Databricks,prod-gdo-fdh-daily-workflow-ironman-rdbms,,,,,,Scheduled,Daily (5:30 AM),0:13:00,Success,Blazeclan,,
3/1/2026,March,3,01,2026,Week 1,Databricks,prod-gdo-fdh-workflow-okya,,Streaming,Okya,,Bronze,Scheduled,Hourly,0:10:42,Success,Blazeclan,,
3/1/2026,March,3,01,2026,Week 1,Databricks,prod-gdo-fdh-workflow-okya,,Streaming,Okya,,Bronze,Scheduled,Hourly,0:10:37,Success,Blazeclan,,
3/1/2026,March,3,01,2026,Week 1,Databricks,prod-gdo-fdh-workflow-okya-silver,,,,,,Scheduled,Daily (7:24 AM),0:12:49,Success,Blazeclan,,
3/1/2026,March,3,01,2026,Week 1,Databricks,prod-gdo-fdh-workflow-okya,,Streaming,Okya,,Bronze,Scheduled,Hourly,0:10:37,Success,Blazeclan,,
3/1/2026,March,3,01,2026,Week 1,Databricks,prod-gdo-fdh-daily-workflow-qualtrics-api,,,,,,Scheduled,Daily (8:23 AM),0:14:01,Success,Blazeclan,,
3/1/2026,March,3,01,2026,Week 1,Databricks,prod-gdo-fdh-daily-workflow-okya-api,,Batch,Okya,,Bronze,Scheduled,Daily (8:23 AM),0:22:59,Success,Blazeclan,,
3/1/2026,March,3,01,2026,Week 1,Databricks,prod-gdo-fdh-workflow-okya,,Streaming,Okya,,Bronze,Scheduled,Hourly,0:10:31,Success,Blazeclan,,
3/1/2026,March,3,01,2026,Week 1,Databricks,prod-gdo-fdh-workflow-ga-dtls-daily,,,,,,Scheduled,Daily (9:00 AM),0:10:38,Success,DXC,,
3/1/2026,March,3,01,2026,Week 1,Databricks,prod-gdo-fdh-workflow-ga-dtls-goal,,,,,,Scheduled,Daily (9:00 AM),0:11:06,Success,DXC,,
3/1/2026,March,3,01,2026,Week 1,Databricks,prod-gdo-fdh-workflow-qualtrics-silver,,,,,,Scheduled,Daily (9:00 AM),0:08:59,Success,Blazeclan,,
3/1/2026,March,3,01,2026,Week 1,Databricks,prod-gdo-fdh-workflow-okya,,Streaming,Okya,,Bronze,Scheduled,Hourly,0:11:15,Success,Blazeclan,,
3/1/2026,March,3,01,2026,Week 1,Databricks,prod-gdo-fdh-daily-workflow-tillster,,Batch,Tillster,,Bronze,Scheduled,Daily (10:23 AM),0:13:31,Success,Blazeclan,,
3/1/2026,March,3,01,2026,Week 1,Databricks,prod-gdo-fdh-grabfood-workflow,,,,,,Scheduled,Daily (10:30 AM),0:15:49,Success,TM,,
3/1/2026,March,3,01,2026,Week 1,Databricks,prod-gdo-fdh-workflow-foodpanda,,,,,,Scheduled,Daily (10:30 AM),0:14:51,Success,TM,,
3/1/2026,March,3,01,2026,Week 1,Databricks,prod-gdo-fdh-workflow-okya,,Streaming,Okya,,Bronze,Scheduled,Hourly,0:11:10,Success,Blazeclan,,
3/1/2026,March,3,01,2026,Week 1,Databricks,prod-gdo-fdh-silver-okya-jb-user-address-job,,Batch,Okya,,Silver,Scheduled,Daily (11:30 AM),0:17:42,Success,TA,,
3/1/2026,March,3,01,2026,Week 1,Databricks,prod-gdo-fdh-silver-okya-jb-order-tender-job,,Batch,Okya,,Silver,Scheduled,Daily (11:30 AM),0:12:38,Success,TA,,
3/1/2026,March,3,01,2026,Week 1,Databricks,prod-gdo-fdh-silver-okya-jb-order-items-job,,Batch,Okya,,Silver,Scheduled,Daily (11:30 AM),0:15:06,Success,TA,,
3/1/2026,March,3,01,2026,Week 1,Databricks,prod-gdo-fdh-silver-okya-jb-order-staging-job,,Batch,Okya,,Silver,Scheduled,Daily (11:30 AM),0:21:54,Success,TA,,
3/1/2026,March,3,01,2026,Week 1,Databricks,prod-gdo-fdh-silver-okya-jb-customer-workflow,,Batch,Okya,,Silver,Scheduled,Daily (11:30 AM),0:20:14,Success,TA,,
3/1/2026,March,3,01,2026,Week 1,Databricks,prod-gdo-fdh-workflow-okya,,Streaming,Okya,,Bronze,Scheduled,Hourly,0:10:40,Success,Blazeclan,,
3/1/2026,March,3,01,2026,Week 1,Databricks,prod-gdo-fdh-silver-tillster-jb-order-staging-job,,Batch,Tillster,,Silver,Scheduled,Daily (12:00 PM),0:13:22,Success,TA,,
3/1/2026,March,3,01,2026,Week 1,Databricks,prod-gdo-fdh-silver-tillster-jb-customer-workflow,,Batch,Tillster,,Silver,Scheduled,Daily (12:00 PM),0:13:34,Success,TA,,
3/1/2026,March,3,01,2026,Week 1,Databricks,prod-gdo-fdh-silver-tillster-jb-order-tender-job,,Batch,Tillster,,Silver,Scheduled,Daily (12:00 PM),0:10:36,Success,TA,,
3/1/2026,March,3,01,2026,Week 1,Databricks,prod-gdo-fdh-silver-tillster-jb-order-items-job,,Batch,Tillster,,Silver,Scheduled,Daily (12:00 PM),0:12:19,Success,TA,,
3/1/2026,March,3,01,2026,Week 1,Databricks,prod-gdo-fdh-silver-okya-jb-deactivation-workflow,,Batch,Okya,,Silver,Scheduled,Daily (12:00 PM),0:34:38,Failed,TA,,
3/1/2026,March,3,01,2026,Week 1,Databricks,prod-gdo-fdh-gold-archive-tables-job,,Batch,"Tillster, Okya",,Gold,Scheduled,Daily (12:30 PM),0:12:06,Success,TA,,
3/1/2026,March,3,01,2026,Week 1,Databricks,prod-gdo-fdh-workflow-okya,,Streaming,Okya,,Bronze,Scheduled,Hourly,0:10:21,Success,Blazeclan,,
3/1/2026,March,3,01,2026,Week 1,Databricks,prod-gdo-fdh-workflow-okya,,Streaming,Okya,,Bronze,Scheduled,Hourly,0:10:40,Success,Blazeclan,,
3/1/2026,March,3,01,2026,Week 1,Databricks,prod-gdo-fdh-workflow-okya,,Streaming,Okya,,Bronze,Scheduled,Hourly,0:10:35,Success,Blazeclan,,
3/1/2026,March,3,01,2026,Week 1,Databricks,prod-gdo-fdh-workflow-okya,,Streaming,Okya,,Bronze,Scheduled,Hourly,0:11:07,Success,Blazeclan,,
3/1/2026,March,3,01,2026,Week 1,Databricks,prod-gdo-fdh-workflow-okya,,Streaming,Okya,,Bronze,Scheduled,Hourly,0:10:43,Success,Blazeclan,,
3/1/2026,March,3,01,2026,Week 1,Databricks,fdh_workflow_gemm_trademarketinggroup,,,,,,Scheduled,Daily (5:00 PM),0:11:12,Success,GDO,,
3/1/2026,March,3,01,2026,Week 1,Databricks,fdh-workflow-gemm_storevisitresponses,,,,,,Scheduled,Daily (5:00 PM),0:12:02,Success,GDO,,
3/1/2026,March,3,01,2026,Week 1,Databricks,prod-gdo-fdh-workflow-okya,,Streaming,Okya,,Bronze,Scheduled,Hourly,0:10:43,Success,Blazeclan,,
3/1/2026,March,3,01,2026,Week 1,Databricks,prod-gdo-fdh-workflow-okya,,Streaming,Okya,,Bronze,Scheduled,Hourly,0:10:31,Success,Blazeclan,,
3/1/2026,March,3,01,2026,Week 1,Databricks,prod-gdo-fdh-workflow-okya,,Streaming,Okya,,Bronze,Scheduled,Hourly,0:25:00,Success,Blazeclan,,
3/1/2026,March,3,01,2026,Week 1,Databricks,prod-gdo-fdh-workflow-okya,,Streaming,Okya,,Bronze,Scheduled,Hourly,0:10:24,Success,Blazeclan,,
3/1/2026,March,3,01,2026,Week 1,Databricks,prod-gdo-fdh-workflow-okya,,Streaming,Okya,,Bronze,Scheduled,Hourly,0:10:45,Success,Blazeclan,,
3/1/2026,March,3,01,2026,Week 1,Databricks,prod-gdo-fdh-workflow-okya,,Streaming,Okya,,Bronze,Scheduled,Hourly,0:10:59,Success,Blazeclan,,
3/2/2026,March,3,02,2026,Week 2,Databricks,prod-gdo-fdh-workflow-okya,,Streaming,Okya,,Bronze,Scheduled,Hourly,0:11:00,Success,Blazeclan,,
3/2/2026,March,3,02,2026,Week 2,Databricks,prod-gdo-fdh-workflow-digital-performance,,,,,,Scheduled,Daily (12:30 AM) ,0:10:31,Failed,TM,,
3/2/2026,March,3,02,2026,Week 2,Databricks,prod-gdo-fdh-workflow-okya,,Streaming,Okya,,Bronze,Scheduled,Hourly,0:10:39,Success,Blazeclan,,
3/2/2026,March,3,02,2026,Week 2,Databricks,prod-gdo-fdh-workflow-okya,,Streaming,Okya,,Bronze,Scheduled,Hourly,0:10:55,Success,Blazeclan,,
3/2/2026,March,3,02,2026,Week 2,Databricks,prod-gdo-fdh-workflow-braze,,,,,,Scheduled,Daily (2:00 AM),0:21:50,Success,TM,,
3/2/2026,March,3,02,2026,Week 2,Databricks,prod-gdo-fdh-workflow-qmai-bronze,,Streaming,QMAI,,Bronze,Scheduled,Daily (2:00 AM),0:13:21,Success,Blazeclan,,
3/2/2026,March,3,02,2026,Week 2,Databricks,prod-gdo-fdh-workflow-okya,,Streaming,Okya,,Bronze,Scheduled,Hourly,0:10:31,Success,Blazeclan,,
3/2/2026,March,3,02,2026,Week 2,Databricks,prod-gdo-fdh-workflow-qmai-silver-product_goods,,,,,,Scheduled,Daily (3:00 AM),0:08:45,Success,Blazeclan,,
3/2/2026,March,3,02,2026,Week 2,Databricks,prod-gdo-fdh-workflow-qmai-silver,,Batch,QMAI,,Silver,Scheduled,Daily (3:00 AM),0:07:14,Success,Blazeclan,,
3/2/2026,March,3,02,2026,Week 2,Databricks,prod-gdo-fdh-workflow-okya,,Streaming,Okya,,Bronze,Scheduled,Hourly,0:11:20,Success,Blazeclan,,
3/2/2026,March,3,02,2026,Week 2,Databricks,prod-gdo-fdh-workflow-okya,,Streaming,Okya,,Bronze,Scheduled,Hourly,0:11:30,Success,Blazeclan,,
3/2/2026,March,3,02,2026,Week 2,Databricks,prod-gdo-fdh-daily-workflow-ironman-rdbms,,,,,,Scheduled,Daily (5:30 AM),0:12:45,Success,Blazeclan,,
3/2/2026,March,3,02,2026,Week 2,Databricks,prod-gdo-fdh-workflow-okya,,Streaming,Okya,,Bronze,Scheduled,Hourly,0:10:33,Success,Blazeclan,,
3/2/2026,March,3,02,2026,Week 2,Databricks,prod-gdo-fdh-workflow-okya,,Streaming,Okya,,Bronze,Scheduled,Hourly,0:10:51,Success,Blazeclan,,
3/2/2026,March,3,02,2026,Week 2,Databricks,prod-gdo-fdh-workflow-okya-silver,,,,,,Scheduled,Daily (7:24 AM),0:12:40,Success,Blazeclan,,
3/2/2026,March,3,02,2026,Week 2,Databricks,prod-gdo-fdh-workflow-okya,,Streaming,Okya,,Bronze,Scheduled,Hourly,0:10:30,Success,Blazeclan,,
3/2/2026,March,3,02,2026,Week 2,Databricks,prod-gdo-fdh-daily-workflow-qualtrics-api,,,,,,Scheduled,Daily (8:23 AM),0:13:51,Success,Blazeclan,,
3/2/2026,March,3,02,2026,Week 2,Databricks,prod-gdo-fdh-daily-workflow-okya-api,,Batch,Okya,,Bronze,Scheduled,Daily (8:23 AM),0:23:11,Success,Blazeclan,,
3/2/2026,March,3,02,2026,Week 2,Databricks,prod-gdo-fdh-workflow-okya,,Streaming,Okya,,Bronze,Scheduled,Hourly,0:10:30,Success,Blazeclan,,
3/2/2026,March,3,02,2026,Week 2,Databricks,prod-gdo-fdh-workflow-ga-dtls-daily,,,,,,Scheduled,Daily (9:00 AM),0:10:47,Success,DXC,,
3/2/2026,March,3,02,2026,Week 2,Databricks,prod-gdo-fdh-workflow-ga-dtls-goal,,,,,,Scheduled,Daily (9:00 AM),0:11:15,Success,DXC,,
3/2/2026,March,3,02,2026,Week 2,Databricks,prod-gdo-fdh-workflow-qualtrics-silver,,,,,,Scheduled,Daily (9:00 AM),0:08:55,Success,Blazeclan,,
3/2/2026,March,3,02,2026,Week 2,Databricks,prod-gdo-fdh-workflow-okya,,Streaming,Okya,,Bronze,Scheduled,Hourly,0:10:40,Success,Blazeclan,,
3/2/2026,March,3,02,2026,Week 2,Databricks,prod-gdo-fdh-daily-workflow-tillster,,Batch,Tillster,,Bronze,Scheduled,Daily (10:23 AM),0:13:17,Success,Blazeclan,,
3/2/2026,March,3,02,2026,Week 2,Databricks,prod-gdo-fdh-grabfood-workflow,,,,,,Scheduled,Daily (10:30 AM),0:12:13,Success,TM,,
3/2/2026,March,3,02,2026,Week 2,Databricks,prod-gdo-fdh-workflow-foodpanda,,,,,,Scheduled,Daily (10:30 AM),0:14:49,Success,TM,,
3/2/2026,March,3,02,2026,Week 2,Databricks,prod-gdo-fdh-workflow-okya,,Streaming,Okya,,Bronze,Scheduled,Hourly,0:10:49,Success,Blazeclan,,
3/2/2026,March,3,02,2026,Week 2,Databricks,Daily Run - Freedompay,,,,,,Scheduled,Daily (10:00 AM),0:11:50,Success,GDO,,
3/2/2026,March,3,02,2026,Week 2,Databricks,prod-gdo-fdh-silver-okya-jb-user-address-job,,Batch,Okya,,Silver,Scheduled,Daily (11:30 AM),0:14:28,Success,TA,,
3/2/2026,March,3,02,2026,Week 2,Databricks,prod-gdo-fdh-silver-okya-jb-order-tender-job,,Batch,Okya,,Silver,Scheduled,Daily (11:30 AM),0:12:25,Success,TA,,
3/2/2026,March,3,02,2026,Week 2,Databricks,prod-gdo-fdh-silver-okya-jb-order-items-job,,Batch,Okya,,Silver,Scheduled,Daily (11:30 AM),0:17:25,Success,TA,,
3/2/2026,March,3,02,2026,Week 2,Databricks,prod-gdo-fdh-silver-okya-jb-order-staging-job,,Batch,Okya,,Silver,Scheduled,Daily (11:30 AM),0:20:22,Success,TA,,
3/2/2026,March,3,02,2026,Week 2,Databricks,prod-gdo-fdh-silver-okya-jb-customer-workflow,,Batch,Okya,,Silver,Scheduled,Daily (11:30 AM),0:18:41,Success,TA,,
3/2/2026,March,3,02,2026,Week 2,Databricks,prod-gdo-fdh-workflow-okya,,Streaming,Okya,,Bronze,Scheduled,Hourly,0:10:40,Success,Blazeclan,,
3/2/2026,March,3,02,2026,Week 2,Databricks,prod-gdo-fdh-silver-tillster-jb-order-staging-job,,Batch,Tillster,,Silver,Scheduled,Daily (12:00 PM),0:13:17,Success,TA,,
3/2/2026,March,3,02,2026,Week 2,Databricks,prod-gdo-fdh-silver-tillster-jb-customer-workflow,,Batch,Tillster,,Silver,Scheduled,Daily (12:00 PM),0:13:28,Success,TA,,
3/2/2026,March,3,02,2026,Week 2,Databricks,prod-gdo-fdh-silver-tillster-jb-order-tender-job,,Batch,Tillster,,Silver,Scheduled,Daily (12:00 PM),0:10:20,Success,TA,,
3/2/2026,March,3,02,2026,Week 2,Databricks,prod-gdo-fdh-silver-tillster-jb-order-items-job,,Batch,Tillster,,Silver,Scheduled,Daily (12:00 PM),0:10:26,Success,TA,,
3/2/2026,March,3,02,2026,Week 2,Databricks,prod-gdo-fdh-silver-okya-jb-deactivation-workflow,,Batch,Okya,,Silver,Scheduled,Daily (12:00 PM),0:36:11,Failed,TA,,
3/2/2026,March,3,02,2026,Week 2,Databricks,prod-gdo-fdh-gold-archive-tables-job,,Batch,"Tillster, Okya",,Gold,Scheduled,Daily (12:30 PM),0:12:08,Success,TA,,
3/2/2026,March,3,02,2026,Week 2,Databricks,prod-gdo-fdh-workflow-okya,,Streaming,Okya,,Bronze,Scheduled,Hourly,0:10:23,Success,Blazeclan,,
3/2/2026,March,3,02,2026,Week 2,Databricks,prod-gdo-fdh-c360-pipeline,,Batch,"Tillster, Okya",,Gold,Scheduled,Weekly (Monday 2:00 PM),0:50:40,Failed,TA,,
3/2/2026,March,3,02,2026,Week 2,Databricks,prod-gdo-fdh-workflow-okya,,Streaming,Okya,,Bronze,Scheduled,Hourly,0:10:30,Success,Blazeclan,,
3/2/2026,March,3,02,2026,Week 2,Databricks,prod-gdo-fdh-workflow-okya,,Streaming,Okya,,Bronze,Scheduled,Hourly,0:10:45,Success,Blazeclan,,
3/2/2026,March,3,02,2026,Week 2,Databricks,prod-gdo-fdh-workflow-okya,,Streaming,Okya,,Bronze,Scheduled,Hourly,0:11:08,Success,Blazeclan,,
3/2/2026,March,3,02,2026,Week 2,Databricks,prod-gdo-fdh-workflow-okya,,Streaming,Okya,,Bronze,Scheduled,Hourly,0:11:17,Success,Blazeclan,,
3/2/2026,March,3,02,2026,Week 2,Databricks,fdh_workflow_gemm_trademarketinggroup,,,,,,Scheduled,Daily (5:00 PM),0:11:34,Success,GDO,,
3/2/2026,March,3,02,2026,Week 2,Databricks,fdh-workflow-gemm_storevisitresponses,,,,,,Scheduled,Daily (5:00 PM),0:12:33,Success,GDO,,
3/2/2026,March,3,02,2026,Week 2,Databricks,prod-gdo-fdh-workflow-okya,,Streaming,Okya,,Bronze,Scheduled,Hourly,0:10:49,Success,Blazeclan,,
3/2/2026,March,3,02,2026,Week 2,Databricks,prod-gdo-fdh-workflow-okya,,Streaming,Okya,,Bronze,Scheduled,Hourly,0:10:38,Success,Blazeclan,,
3/2/2026,March,3,02,2026,Week 2,Databricks,prod-gdo-fdh-workflow-okya,,Streaming,Okya,,Bronze,Scheduled,Hourly,0:10:54,Success,Blazeclan,,
3/2/2026,March,3,02,2026,Week 2,Databricks,prod-gdo-fdh-workflow-okya,,Streaming,Okya,,Bronze,Scheduled,Hourly,0:11:07,Success,Blazeclan,,
3/2/2026,March,3,02,2026,Week 2,Databricks,prod-gdo-fdh-workflow-okya,,Streaming,Okya,,Bronze,Scheduled,Hourly,0:11:15,Success,Blazeclan,,
3/2/2026,March,3,02,2026,Week 2,Databricks,prod-gdo-fdh-workflow-okya,,Streaming,Okya,,Bronze,Scheduled,Hourly,0:11:14,Success,Blazeclan,,
3/3/2026,March,3,03,2026,Week 2,Databricks,prod-gdo-fdh-workflow-okya,,Streaming,Okya,,Bronze,Scheduled,Hourly,0:11:14,Success,Blazeclan,,
3/3/2026,March,3,03,2026,Week 2,Databricks,prod-gdo-fdh-workflow-digital-performance,,,,,,Scheduled,Daily (12:30 AM) ,2:24:08,Success,TM,,
3/3/2026,March,3,03,2026,Week 2,Databricks,prod-gdo-fdh-workflow-okya,,Streaming,Okya,,Bronze,Scheduled,Hourly,0:10:37,Success,Blazeclan,,
3/3/2026,March,3,03,2026,Week 2,Databricks,prod-gdo-fdh-workflow-okya,,Streaming,Okya,,Bronze,Scheduled,Hourly,0:10:50,Success,Blazeclan,,
3/3/2026,March,3,03,2026,Week 2,Databricks,prod-gdo-fdh-workflow-braze,,,,,,Scheduled,Daily (2:00 AM),0:22:01,Success,TM,,
3/3/2026,March,3,03,2026,Week 2,Databricks,prod-gdo-fdh-workflow-qmai-bronze,,Streaming,QMAI,,Bronze,Scheduled,Daily (2:00 AM),0:13:58,Success,Blazeclan,,
3/3/2026,March,3,03,2026,Week 2,Databricks,prod-gdo-fdh-workflow-okya,,Streaming,Okya,,Bronze,Scheduled,Hourly,0:10:48,Success,Blazeclan,,
3/3/2026,March,3,03,2026,Week 2,Databricks,prod-gdo-fdh-workflow-qmai-silver-product_goods,,,,,,Scheduled,Daily (3:00 AM),0:08:55,Success,Blazeclan,,
3/3/2026,March,3,03,2026,Week 2,Databricks,prod-gdo-fdh-workflow-qmai-silver,,Batch,QMAI,,Silver,Scheduled,Daily (3:00 AM),0:07:10,Success,Blazeclan,,
3/3/2026,March,3,03,2026,Week 2,Databricks,prod-gdo-fdh-workflow-okya,,Streaming,Okya,,Bronze,Scheduled,Hourly,0:10:55,Success,Blazeclan,,
3/3/2026,March,3,03,2026,Week 2,Databricks,prod-gdo-fdh-workflow-okya,,Streaming,Okya,,Bronze,Scheduled,Hourly,0:10:33,Success,Blazeclan,,
3/3/2026,March,3,03,2026,Week 2,Databricks,prod-gdo-fdh-daily-workflow-ironman-rdbms,,,,,,Scheduled,Daily (5:30 AM),0:13:20,Success,Blazeclan,,
3/3/2026,March,3,03,2026,Week 2,Databricks,prod-gdo-fdh-workflow-okya,,Streaming,Okya,,Bronze,Scheduled,Hourly,0:11:07,Success,Blazeclan,,
3/3/2026,March,3,03,2026,Week 2,Databricks,prod-gdo-fdh-workflow-okya,,Streaming,Okya,,Bronze,Scheduled,Hourly,0:10:59,Success,Blazeclan,,
3/3/2026,March,3,03,2026,Week 2,Databricks,prod-gdo-fdh-workflow-okya-silver,,,,,,Scheduled,Daily (7:24 AM),0:12:24,Success,Blazeclan,,
3/3/2026,March,3,03,2026,Week 2,Databricks,prod-gdo-fdh-workflow-okya,,Streaming,Okya,,Bronze,Scheduled,Hourly,0:11:01,Success,Blazeclan,,
3/3/2026,March,3,03,2026,Week 2,Databricks,prod-gdo-fdh-daily-workflow-qualtrics-api,,,,,,Scheduled,Daily (8:23 AM),0:13:33,Success,Blazeclan,,
3/3/2026,March,3,03,2026,Week 2,Databricks,prod-gdo-fdh-daily-workflow-okya-api,,Batch,Okya,,Bronze,Scheduled,Daily (8:23 AM),0:23:04,Success,Blazeclan,,
3/3/2026,March,3,03,2026,Week 2,Databricks,prod-gdo-fdh-workflow-okya,,Streaming,Okya,,Bronze,Scheduled,Hourly,0:11:07,Success,Blazeclan,,
3/3/2026,March,3,03,2026,Week 2,Databricks,prod-gdo-fdh-workflow-ga-dtls-daily,,,,,,Scheduled,Daily (9:00 AM),0:10:48,Success,DXC,,
3/3/2026,March,3,03,2026,Week 2,Databricks,prod-gdo-fdh-workflow-ga-dtls-goal,,,,,,Scheduled,Daily (9:00 AM),0:10:42,Success,DXC,,
3/3/2026,March,3,03,2026,Week 2,Databricks,prod-gdo-fdh-workflow-qualtrics-silver,,,,,,Scheduled,Daily (9:00 AM),0:08:58,Success,Blazeclan,,
3/3/2026,March,3,03,2026,Week 2,Databricks,prod-gdo-fdh-workflow-okya,,Streaming,Okya,,Bronze,Scheduled,Hourly,0:11:02,Success,Blazeclan,,
3/3/2026,March,3,03,2026,Week 2,Databricks,prod-gdo-fdh-daily-workflow-tillster,,Batch,Tillster,,Bronze,Scheduled,Daily (10:23 AM),0:14:14,Success,Blazeclan,,
3/3/2026,March,3,03,2026,Week 2,Databricks,prod-gdo-fdh-grabfood-workflow,,,,,,Scheduled,Daily (10:30 AM),0:18:40,Success,TM,,
3/3/2026,March,3,03,2026,Week 2,Databricks,prod-gdo-fdh-workflow-foodpanda,,,,,,Scheduled,Daily (10:30 AM),0:14:47,Success,TM,,
3/3/2026,March,3,03,2026,Week 2,Databricks,prod-gdo-fdh-workflow-okya,,Streaming,Okya,,Bronze,Scheduled,Hourly,0:11:12,Success,Blazeclan,,
3/3/2026,March,3,03,2026,Week 2,Databricks,Daily Run - Freedompay,,,,,,,Daily (10:00 AM),0:12:37,Success,GDO,,
3/3/2026,March,3,03,2026,Week 2,Databricks,prod-gdo-fdh-silver-okya-jb-user-address-job,,Batch,Okya,,Silver,Scheduled,Daily (11:30 AM),0:18:33,Success,TA,,
3/3/2026,March,3,03,2026,Week 2,Databricks,prod-gdo-fdh-silver-okya-jb-order-tender-job,,Batch,Okya,,Silver,Scheduled,Daily (11:30 AM),0:14:32,Success,TA,,
3/3/2026,March,3,03,2026,Week 2,Databricks,prod-gdo-fdh-silver-okya-jb-order-items-job,,Batch,Okya,,Silver,Scheduled,Daily (11:30 AM),0:17:05,Success,TA,,
3/3/2026,March,3,03,2026,Week 2,Databricks,prod-gdo-fdh-silver-okya-jb-order-staging-job,,Batch,Okya,,Silver,Scheduled,Daily (11:30 AM),0:21:20,Success,TA,,
3/3/2026,March,3,03,2026,Week 2,Databricks,prod-gdo-fdh-silver-okya-jb-customer-workflow,,Batch,Okya,,Silver,Scheduled,Daily (11:30 AM),0:21:22,Success,TA,,
3/3/2026,March,3,03,2026,Week 2,Databricks,prod-gdo-fdh-workflow-okya,,Streaming,Okya,,Bronze,Scheduled,Hourly,0:11:36,Success,Blazeclan,,
3/3/2026,March,3,03,2026,Week 2,Databricks,prod-gdo-fdh-silver-tillster-jb-order-staging-job,,Batch,Tillster,,Silver,Scheduled,Daily (12:00 PM),0:13:44,Success,TA,,
3/3/2026,March,3,03,2026,Week 2,Databricks,prod-gdo-fdh-silver-tillster-jb-customer-workflow,,Batch,Tillster,,Silver,Scheduled,Daily (12:00 PM),0:13:32,Success,TA,,
3/3/2026,March,3,03,2026,Week 2,Databricks,prod-gdo-fdh-silver-tillster-jb-order-tender-job,,Batch,Tillster,,Silver,Scheduled,Daily (12:00 PM),0:10:38,Success,TA,,
3/3/2026,March,3,03,2026,Week 2,Databricks,prod-gdo-fdh-silver-tillster-jb-order-items-job,,Batch,Tillster,,Silver,Scheduled,Daily (12:00 PM),0:11:07,Success,TA,,
3/3/2026,March,3,03,2026,Week 2,Databricks,prod-gdo-fdh-silver-okya-jb-deactivation-workflow,,Batch,Okya,,Silver,Scheduled,Daily (12:00 PM),0:35:39,Failed,TA,,
3/3/2026,March,3,03,2026,Week 2,Databricks,prod-gdo-fdh-gold-archive-tables-job,,Batch,"Tillster, Okya",,Gold,Scheduled,Daily (12:30 PM),0:13:01,Success,TA,,
3/3/2026,March,3,03,2026,Week 2,Databricks,prod-gdo-fdh-workflow-okya,,Streaming,Okya,,Bronze,Scheduled,Hourly,0:10:53,Success,Blazeclan,,
3/3/2026,March,3,03,2026,Week 2,Databricks,prod-gdo-fdh-workflow-okya,,Streaming,Okya,,Bronze,Scheduled,Hourly,0:10:31,Success,Blazeclan,,
3/3/2026,March,3,03,2026,Week 2,Databricks,prod-gdo-fdh-workflow-okya,,Streaming,Okya,,Bronze,Scheduled,Hourly,0:10:33,Success,Blazeclan,,
3/3/2026,March,3,03,2026,Week 2,Databricks,prod-gdo-fdh-workflow-okya,,Streaming,Okya,,Bronze,Scheduled,Hourly,0:10:38,Success,Blazeclan,,
3/3/2026,March,3,03,2026,Week 2,Databricks,prod-gdo-fdh-workflow-okya,,Streaming,Okya,,Bronze,Scheduled,Hourly,0:10:44,Success,Blazeclan,,
3/3/2026,March,3,03,2026,Week 2,Databricks,fdh_workflow_gemm_trademarketinggroup,,,,,,Scheduled,Daily (5:00 PM),0:11:39,Success,GDO,,
3/3/2026,March,3,03,2026,Week 2,Databricks,fdh-workflow-gemm_storevisitresponses,,,,,,Scheduled,Daily (5:00 PM),0:12:36,Success,GDO,,
3/3/2026,March,3,03,2026,Week 2,Databricks,prod-gdo-fdh-workflow-okya,,Streaming,Okya,,Bronze,Scheduled,Hourly,0:10:50,Success,Blazeclan,,
3/3/2026,March,3,03,2026,Week 2,Databricks,prod-gdo-fdh-workflow-okya,,Streaming,Okya,,Bronze,Scheduled,Hourly,0:10:27,Success,Blazeclan,,
3/3/2026,March,3,03,2026,Week 2,Databricks,prod-gdo-fdh-workflow-okya,,Streaming,Okya,,Bronze,Scheduled,Hourly,0:10:42,Success,Blazeclan,,
3/3/2026,March,3,03,2026,Week 2,Databricks,prod-gdo-fdh-workflow-okya,,Streaming,Okya,,Bronze,Scheduled,Hourly,0:10:41,Success,Blazeclan,,
3/3/2026,March,3,03,2026,Week 2,Databricks,prod-gdo-fdh-workflow-okya,,Streaming,Okya,,Bronze,Scheduled,Hourly,0:10:57,Success,Blazeclan,,
3/3/2026,March,3,03,2026,Week 2,Databricks,prod-gdo-fdh-workflow-okya,,Streaming,Okya,,Bronze,Scheduled,Hourly,0:11:12,Success,Blazeclan,,
3/4/2026,March,3,04,2026,Week 2,Databricks,prod-gdo-fdh-workflow-okya,,Streaming,Okya,,Bronze,Scheduled,Hourly,0:10:30,Success,Blazeclan,,
3/4/2026,March,3,04,2026,Week 2,Databricks,prod-gdo-fdh-workflow-digital-performance,,,,,,Scheduled,Daily (12:30 AM) ,0:16:08,Failed,TM,,
3/4/2026,March,3,04,2026,Week 2,Databricks,prod-gdo-fdh-workflow-okya,,Streaming,Okya,,Bronze,Scheduled,Hourly,0:10:51,Success,Blazeclan,,
3/4/2026,March,3,04,2026,Week 2,Databricks,prod-gdo-fdh-workflow-okya,,Streaming,Okya,,Bronze,Scheduled,Hourly,0:11:08,Success,Blazeclan,,
3/4/2026,March,3,04,2026,Week 2,Databricks,prod-gdo-fdh-workflow-braze,,,,,,Scheduled,Daily (2:00 AM),0:30:05,Success,TM,,
3/4/2026,March,3,04,2026,Week 2,Databricks,prod-gdo-fdh-workflow-qmai-bronze,,Streaming,QMAI,,Bronze,Scheduled,Daily (2:00 AM),0:13:39,Success,Blazeclan,,
3/4/2026,March,3,04,2026,Week 2,Databricks,prod-gdo-fdh-workflow-okya,,Streaming,Okya,,Bronze,Scheduled,Hourly,0:10:38,Success,Blazeclan,,
3/4/2026,March,3,04,2026,Week 2,Databricks,prod-gdo-fdh-workflow-qmai-silver-product_goods,,,,,,Scheduled,Daily (3:00 AM),0:08:45,Success,Blazeclan,,
3/4/2026,March,3,04,2026,Week 2,Databricks,prod-gdo-fdh-workflow-qmai-silver,,Batch,QMAI,,Silver,Scheduled,Daily (3:00 AM),0:07:04,Success,Blazeclan,,
3/4/2026,March,3,04,2026,Week 2,Databricks,prod-gdo-fdh-workflow-okya,,Streaming,Okya,,Bronze,Scheduled,Hourly,0:10:58,Success,Blazeclan,,
3/4/2026,March,3,04,2026,Week 2,Databricks,prod-gdo-fdh-workflow-okya,,Streaming,Okya,,Bronze,Scheduled,Hourly,0:10:33,Success,Blazeclan,,
3/4/2026,March,3,04,2026,Week 2,Databricks,prod-gdo-fdh-daily-workflow-ironman-rdbms,,,,,,Scheduled,Daily (5:30 AM),0:13:48,Success,Blazeclan,,
3/4/2026,March,3,04,2026,Week 2,Databricks,prod-gdo-fdh-workflow-okya,,Streaming,Okya,,Bronze,Scheduled,Hourly,0:10:54,Success,Blazeclan,,
3/4/2026,March,3,04,2026,Week 2,Databricks,prod-gdo-fdh-workflow-okya,,Streaming,Okya,,Bronze,Scheduled,Hourly,0:10:40,Success,Blazeclan,,
3/4/2026,March,3,04,2026,Week 2,Databricks,prod-gdo-fdh-workflow-okya-silver,,,,,,Scheduled,Daily (7:24 AM),0:12:37,Success,Blazeclan,,
3/4/2026,March,3,04,2026,Week 2,Databricks,prod-gdo-fdh-workflow-okya,,Streaming,Okya,,Bronze,Scheduled,Hourly,0:10:40,Success,Blazeclan,,
3/4/2026,March,3,04,2026,Week 2,Databricks,prod-gdo-fdh-daily-workflow-qualtrics-api,,,,,,Scheduled,Daily (8:23 AM),0:13:09,Success,Blazeclan,,
3/4/2026,March,3,04,2026,Week 2,Databricks,prod-gdo-fdh-daily-workflow-okya-api,,Batch,Okya,,Bronze,Scheduled,Daily (8:23 AM),0:23:18,Success,Blazeclan,,
3/4/2026,March,3,04,2026,Week 2,Databricks,prod-gdo-fdh-workflow-okya,,Streaming,Okya,,Bronze,Scheduled,Hourly,0:10:12,Success,Blazeclan,,
3/4/2026,March,3,04,2026,Week 2,Databricks,prod-gdo-fdh-workflow-ga-dtls-daily,,,,,,Scheduled,Daily (9:00 AM),0:11:12,Success,DXC,,
3/4/2026,March,3,04,2026,Week 2,Databricks,prod-gdo-fdh-workflow-ga-dtls-goal,,,,,,Scheduled,Daily (9:00 AM),0:10:15,Success,DXC,,
3/4/2026,March,3,04,2026,Week 2,Databricks,prod-gdo-fdh-workflow-qualtrics-silver,,,,,,Scheduled,Daily (9:00 AM),0:09:06,Success,Blazeclan,,
3/4/2026,March,3,04,2026,Week 2,Databricks,prod-gdo-fdh-workflow-okya,,Streaming,Okya,,Bronze,Scheduled,Hourly,0:10:54,Success,Blazeclan,,
3/4/2026,March,3,04,2026,Week 2,Databricks,prod-gdo-fdh-daily-workflow-tillster,,Batch,Tillster,,Bronze,Scheduled,Daily (10:23 AM),0:14:10,Success,Blazeclan,,
3/4/2026,March,3,04,2026,Week 2,Databricks,prod-gdo-fdh-grabfood-workflow,,,,,,Scheduled,Daily (10:30 AM),0:15:39,Success,TM,,
3/4/2026,March,3,04,2026,Week 2,Databricks,prod-gdo-fdh-workflow-foodpanda,,,,,,Scheduled,Daily (10:30 AM),0:15:00,Success,TM,,
3/4/2026,March,3,04,2026,Week 2,Databricks,prod-gdo-fdh-workflow-okya,,Streaming,Okya,,Bronze,Scheduled,Hourly,0:11:00,Success,Blazeclan,,
3/4/2026,March,3,04,2026,Week 2,Databricks,Daily Run - Freedompay,,,,,,Scheduled,Daily (10:00 AM),0:11:55,Success,GDO,,
3/4/2026,March,3,04,2026,Week 2,Databricks,prod-gdo-fdh-silver-okya-jb-user-address-job,,Batch,Okya,,Silver,Scheduled,Daily (11:30 AM),0:18:23,Success,TA,,
3/4/2026,March,3,04,2026,Week 2,Databricks,prod-gdo-fdh-silver-okya-jb-order-tender-job,,Batch,Okya,,Silver,Scheduled,Daily (11:30 AM),0:13:23,Success,TA,,
3/4/2026,March,3,04,2026,Week 2,Databricks,prod-gdo-fdh-silver-okya-jb-order-items-job,,Batch,Okya,,Silver,Scheduled,Daily (11:30 AM),0:16:34,Success,TA,,
3/4/2026,March,3,04,2026,Week 2,Databricks,prod-gdo-fdh-silver-okya-jb-order-staging-job,,Batch,Okya,,Silver,Scheduled,Daily (11:30 AM),0:21:56,Success,TA,,
3/4/2026,March,3,04,2026,Week 2,Databricks,prod-gdo-fdh-silver-okya-jb-customer-workflow,,Batch,Okya,,Silver,Scheduled,Daily (11:30 AM),0:17:36,Success,TA,,
3/4/2026,March,3,04,2026,Week 2,Databricks,prod-gdo-fdh-workflow-okya,,Streaming,Okya,,Bronze,Scheduled,Hourly,0:10:39,Success,Blazeclan,,
3/4/2026,March,3,04,2026,Week 2,Databricks,prod-gdo-fdh-silver-tillster-jb-order-staging-job,,Batch,Tillster,,Silver,Scheduled,Daily (12:00 PM),0:11:27,Success,TA,,
3/4/2026,March,3,04,2026,Week 2,Databricks,prod-gdo-fdh-silver-tillster-jb-customer-workflow,,Batch,Tillster,,Silver,Scheduled,Daily (12:00 PM),0:11:52,Success,TA,,
3/4/2026,March,3,04,2026,Week 2,Databricks,prod-gdo-fdh-silver-tillster-jb-order-tender-job,,Batch,Tillster,,Silver,Scheduled,Daily (12:00 PM),0:12:13,Success,TA,,
3/4/2026,March,3,04,2026,Week 2,Databricks,prod-gdo-fdh-silver-tillster-jb-order-items-job,,Batch,Tillster,,Silver,Scheduled,Daily (12:00 PM),0:10:24,Success,TA,,
3/4/2026,March,3,04,2026,Week 2,Databricks,prod-gdo-fdh-silver-okya-jb-deactivation-workflow,,Batch,Okya,,Silver,Scheduled,Daily (12:00 PM),0:32:15,Success,TA,,
3/4/2026,March,3,04,2026,Week 2,Databricks,prod-gdo-fdh-gold-archive-tables-job,,Batch,"Tillster, Okya",,Gold,Scheduled,Daily (12:30 PM),0:11:47,Success,TA,,
3/4/2026,March,3,04,2026,Week 2,Databricks,prod-gdo-fdh-workflow-okya,,Streaming,Okya,,Bronze,Scheduled,Hourly,0:10:33,Success,Blazeclan,,
3/4/2026,March,3,04,2026,Week 2,Databricks,prod-gdo-fdh-workflow-okya,,Streaming,Okya,,Bronze,Scheduled,Hourly,0:10:46,Success,Blazeclan,,
3/4/2026,March,3,04,2026,Week 2,Databricks,prod-gdo-fdh-workflow-okya,,Streaming,Okya,,Bronze,Scheduled,Hourly,0:10:48,Success,Blazeclan,,
3/4/2026,March,3,04,2026,Week 2,Databricks,prod-gdo-fdh-workflow-okya,,Streaming,Okya,,Bronze,Scheduled,Hourly,0:10:46,Success,Blazeclan,,
3/4/2026,March,3,04,2026,Week 2,Databricks,prod-gdo-fdh-workflow-okya,,Streaming,Okya,,Bronze,Scheduled,Hourly,0:10:47,Success,Blazeclan,,
3/4/2026,March,3,04,2026,Week 2,Databricks,fdh_workflow_gemm_trademarketinggroup,,,,,,Scheduled,Daily (5:00 PM),0:11:18,Success,GDO,,
3/4/2026,March,3,04,2026,Week 2,Databricks,fdh-workflow-gemm_storevisitresponses,,,,,,Scheduled,Daily (5:00 PM),0:12:04,Success,GDO,,
3/4/2026,March,3,04,2026,Week 2,Databricks,prod-gdo-fdh-workflow-okya,,Streaming,Okya,,Bronze,Scheduled,Hourly,0:10:51,Success,Blazeclan,,
3/4/2026,March,3,04,2026,Week 2,Databricks,prod-gdo-fdh-workflow-okya,,Streaming,Okya,,Bronze,Scheduled,Hourly,0:10:44,Success,Blazeclan,,
3/4/2026,March,3,04,2026,Week 2,Databricks,prod-gdo-fdh-workflow-okya,,Streaming,Okya,,Bronze,Scheduled,Hourly,0:11:15,Success,Blazeclan,,
3/4/2026,March,3,04,2026,Week 2,Databricks,prod-gdo-fdh-workflow-okya,,Streaming,Okya,,Bronze,Scheduled,Hourly,0:10:29,Success,Blazeclan,,
3/4/2026,March,3,04,2026,Week 2,Databricks,prod-gdo-fdh-workflow-okya,,Streaming,Okya,,Bronze,Scheduled,Hourly,0:12:06,Success,Blazeclan,,
3/4/2026,March,3,04,2026,Week 2,Databricks,prod-gdo-fdh-workflow-okya,,Streaming,Okya,,Bronze,Scheduled,Hourly,0:10:57,Success,Blazeclan,,
3/5/2026,March,3,05,2026,Week 2,Databricks,prod-gdo-fdh-workflow-okya,,Streaming,Okya,,Bronze,Scheduled,Hourly,0:11:30,Success,Blazeclan,,
3/5/2026,March,3,05,2026,Week 2,Databricks,prod-gdo-fdh-workflow-digital-performance,,,,,,Scheduled,Daily (12:30 AM) ,0:11:39,Failed,TM,,
3/5/2026,March,3,05,2026,Week 2,Databricks,prod-gdo-fdh-workflow-okya,,Streaming,Okya,,Bronze,Scheduled,Hourly,0:10:49,Success,Blazeclan,,
3/5/2026,March,3,05,2026,Week 2,Databricks,prod-gdo-fdh-workflow-okya,,Streaming,Okya,,Bronze,Scheduled,Hourly,0:10:56,Success,Blazeclan,,
3/5/2026,March,3,05,2026,Week 2,Databricks,prod-gdo-fdh-workflow-braze,,,,,,Scheduled,Daily (2:00 AM),0:22:46,Success,TM,,
3/5/2026,March,3,05,2026,Week 2,Databricks,prod-gdo-fdh-workflow-qmai-bronze,,Streaming,QMAI,,Bronze,Scheduled,Daily (2:00 AM),0:14:22,Success,Blazeclan,,
3/5/2026,March,3,05,2026,Week 2,Databricks,prod-gdo-fdh-workflow-okya,,Streaming,Okya,,Bronze,Scheduled,Hourly,0:10:35,Success,Blazeclan,,
3/5/2026,March,3,05,2026,Week 2,Databricks,prod-gdo-fdh-workflow-qmai-silver-product_goods,,,,,,Scheduled,Daily (3:00 AM),0:08:51,Success,Blazeclan,,
3/5/2026,March,3,05,2026,Week 2,Databricks,prod-gdo-fdh-workflow-qmai-silver,,Batch,QMAI,,Silver,Scheduled,Daily (3:00 AM),0:19:04,Success,Blazeclan,,
3/5/2026,March,3,05,2026,Week 2,Databricks,prod-gdo-fdh-workflow-okya,,Streaming,Okya,,Bronze,Scheduled,Hourly,0:10:45,Success,Blazeclan,,
3/5/2026,March,3,05,2026,Week 2,Databricks,prod-gdo-fdh-workflow-okya,,Streaming,Okya,,Bronze,Scheduled,Hourly,0:10:54,Success,Blazeclan,,
3/5/2026,March,3,05,2026,Week 2,Databricks,prod-gdo-fdh-daily-workflow-ironman-rdbms,,,,,,Scheduled,Daily (5:30 AM),0:13:00,Success,Blazeclan,,
3/5/2026,March,3,05,2026,Week 2,Databricks,prod-gdo-fdh-workflow-okya,,Streaming,Okya,,Bronze,Scheduled,Hourly,0:11:54,Success,Blazeclan,,
3/5/2026,March,3,05,2026,Week 2,Databricks,prod-gdo-fdh-workflow-okya,,Streaming,Okya,,Bronze,Scheduled,Hourly,0:10:56,Success,Blazeclan,,
3/5/2026,March,3,05,2026,Week 2,Databricks,prod-gdo-fdh-workflow-okya-silver,,,,,,Scheduled,Daily (7:24 AM),0:13:05,Success,Blazeclan,,
3/5/2026,March,3,05,2026,Week 2,Databricks,prod-gdo-fdh-workflow-okya,,Streaming,Okya,,Bronze,Scheduled,Hourly,0:10:50,Success,Blazeclan,,
3/5/2026,March,3,05,2026,Week 2,Databricks,prod-gdo-fdh-daily-workflow-qualtrics-api,,,,,,Scheduled,Daily (8:23 AM),0:14:12,Success,Blazeclan,,
3/5/2026,March,3,05,2026,Week 2,Databricks,prod-gdo-fdh-daily-workflow-okya-api,,Batch,Okya,,Bronze,Scheduled,Daily (8:23 AM),0:23:21,Success,Blazeclan,,
3/5/2026,March,3,05,2026,Week 2,Databricks,prod-gdo-fdh-workflow-okya,,Streaming,Okya,,Bronze,Scheduled,Hourly,0:10:37,Success,Blazeclan,,
3/5/2026,March,3,05,2026,Week 2,Databricks,prod-gdo-fdh-workflow-ga-dtls-daily,,,,,,Scheduled,Daily (9:00 AM),0:11:05,Success,DXC,,
3/5/2026,March,3,05,2026,Week 2,Databricks,prod-gdo-fdh-workflow-ga-dtls-goal,,,,,,Scheduled,Daily (9:00 AM),0:11:01,Success,DXC,,
3/5/2026,March,3,05,2026,Week 2,Databricks,prod-gdo-fdh-workflow-qualtrics-silver,,,,,,Scheduled,Daily (9:00 AM),0:10:57,Success,Blazeclan,,
3/5/2026,March,3,05,2026,Week 2,Databricks,prod-gdo-fdh-workflow-okya,,Streaming,Okya,,Bronze,Scheduled,Hourly,0:10:49,Success,Blazeclan,,
3/5/2026,March,3,05,2026,Week 2,Databricks,prod-gdo-fdh-daily-workflow-tillster,,Batch,Tillster,,Bronze,Scheduled,Daily (10:23 AM),0:14:46,Success,Blazeclan,,
3/5/2026,March,3,05,2026,Week 2,Databricks,prod-gdo-fdh-grabfood-workflow,,,,,,Scheduled,Daily (10:30 AM),0:16:07,Success,TM,,
3/5/2026,March,3,05,2026,Week 2,Databricks,prod-gdo-fdh-workflow-foodpanda,,,,,,Scheduled,Daily (10:30 AM),0:15:37,Success,TM,,
3/5/2026,March,3,05,2026,Week 2,Databricks,prod-gdo-fdh-workflow-okya,,Streaming,Okya,,Bronze,Scheduled,Hourly,0:11:22,Success,Blazeclan,,
3/5/2026,March,3,05,2026,Week 2,Databricks,Daily Run - Freedompay,,,,,,Scheduled,Daily (10:00 AM),0:11:52,Success,GDO,,
3/5/2026,March,3,05,2026,Week 2,Databricks,prod-gdo-fdh-silver-okya-jb-user-address-job,,Batch,Okya,,Silver,Scheduled,Daily (11:30 AM),0:14:21,Success,TA,,
3/5/2026,March,3,05,2026,Week 2,Databricks,prod-gdo-fdh-silver-okya-jb-order-tender-job,,Batch,Okya,,Silver,Scheduled,Daily (11:30 AM),0:13:10,Success,TA,,
3/5/2026,March,3,05,2026,Week 2,Databricks,prod-gdo-fdh-silver-okya-jb-order-items-job,,Batch,Okya,,Silver,Scheduled,Daily (11:30 AM),0:16:11,Success,TA,,
3/5/2026,March,3,05,2026,Week 2,Databricks,prod-gdo-fdh-silver-okya-jb-order-staging-job,,Batch,Okya,,Silver,Scheduled,Daily (11:30 AM),0:20:33,Success,TA,,
3/5/2026,March,3,05,2026,Week 2,Databricks,prod-gdo-fdh-silver-okya-jb-customer-workflow,,Batch,Okya,,Silver,Scheduled,Daily (11:30 AM),0:20:07,Success,TA,,
3/5/2026,March,3,05,2026,Week 2,Databricks,prod-gdo-fdh-workflow-okya,,Streaming,Okya,,Bronze,Scheduled,Hourly,0:10:39,Success,Blazeclan,,
3/5/2026,March,3,05,2026,Week 2,Databricks,prod-gdo-fdh-silver-tillster-jb-order-staging-job,,Batch,Tillster,,Silver,Scheduled,Daily (12:00 PM),0:12:01,Success,TA,,
3/5/2026,March,3,05,2026,Week 2,Databricks,prod-gdo-fdh-silver-tillster-jb-customer-workflow,,Batch,Tillster,,Silver,Scheduled,Daily (12:00 PM),0:12:06,Success,TA,,
3/5/2026,March,3,05,2026,Week 2,Databricks,prod-gdo-fdh-silver-tillster-jb-order-tender-job,,Batch,Tillster,,Silver,Scheduled,Daily (12:00 PM),0:12:35,Success,TA,,
3/5/2026,March,3,05,2026,Week 2,Databricks,prod-gdo-fdh-silver-tillster-jb-order-items-job,,Batch,Tillster,,Silver,Scheduled,Daily (12:00 PM),0:10:53,Success,TA,,
3/5/2026,March,3,05,2026,Week 2,Databricks,prod-gdo-fdh-silver-okya-jb-deactivation-workflow,,Batch,Okya,,Silver,Scheduled,Daily (12:00 PM),0:38:52,Failed,TA,,
3/5/2026,March,3,05,2026,Week 2,Databricks,prod-gdo-fdh-gold-archive-tables-job,,Batch,"Tillster, Okya",,Gold,Scheduled,Daily (12:30 PM),0:11:47,Success,TA,,
3/5/2026,March,3,05,2026,Week 2,Databricks,prod-gdo-fdh-workflow-okya,,Streaming,Okya,,Bronze,Scheduled,Hourly,0:11:22,Success,Blazeclan,,
3/5/2026,March,3,05,2026,Week 2,Databricks,prod-gdo-fdh-workflow-okya,,Streaming,Okya,,Bronze,Scheduled,Hourly,0:10:43,Success,Blazeclan,,
3/5/2026,March,3,05,2026,Week 2,Databricks,prod-gdo-fdh-workflow-okya,,Streaming,Okya,,Bronze,Scheduled,Hourly,0:10:20,Success,Blazeclan,,
3/5/2026,March,3,05,2026,Week 2,Databricks,prod-gdo-fdh-workflow-okya,,Streaming,Okya,,Bronze,Scheduled,Hourly,0:10:47,Success,Blazeclan,,
3/5/2026,March,3,05,2026,Week 2,Databricks,prod-gdo-fdh-workflow-okya,,Streaming,Okya,,Bronze,Scheduled,Hourly,0:10:50,Success,Blazeclan,,
3/5/2026,March,3,05,2026,Week 2,Databricks,fdh_workflow_gemm_trademarketinggroup,,,,,,Scheduled,Daily (5:00 PM),0:11:44,Success,GDO,,
3/5/2026,March,3,05,2026,Week 2,Databricks,fdh-workflow-gemm_storevisitresponses,,,,,,Scheduled,Daily (5:00 PM),0:12:59,Success,GDO,,
3/5/2026,March,3,05,2026,Week 2,Databricks,prod-gdo-fdh-workflow-okya,,Streaming,Okya,,Bronze,Scheduled,Hourly,0:10:41,Success,Blazeclan,,
3/5/2026,March,3,05,2026,Week 2,Databricks,prod-gdo-fdh-workflow-okya,,Streaming,Okya,,Bronze,Scheduled,Hourly,0:10:49,Success,Blazeclan,,
3/5/2026,March,3,05,2026,Week 2,Databricks,prod-gdo-fdh-workflow-okya,,Streaming,Okya,,Bronze,Scheduled,Hourly,0:11:05,Success,Blazeclan,,
3/5/2026,March,3,05,2026,Week 2,Databricks,prod-gdo-fdh-workflow-okya,,Streaming,Okya,,Bronze,Scheduled,Hourly,0:11:03,Success,Blazeclan,,
3/5/2026,March,3,05,2026,Week 2,Databricks,prod-gdo-fdh-workflow-okya,,Streaming,Okya,,Bronze,Scheduled,Hourly,0:27:47,Success,Blazeclan,,
3/5/2026,March,3,05,2026,Week 2,Databricks,prod-gdo-fdh-workflow-okya,,Streaming,Okya,,Bronze,Scheduled,Hourly,0:10:35,Success,Blazeclan,,
3/6/2026,March,3,06,2026,Week 2,Databricks,prod-gdo-fdh-workflow-okya,,Streaming,Okya,,Bronze,Scheduled,Hourly,0:11:09,Success,Blazeclan,,
3/6/2026,March,3,06,2026,Week 2,Databricks,prod-gdo-fdh-workflow-digital-performance,,,,,,Scheduled,Daily (12:30 AM) ,0:11:10,Failed,TM,,
3/6/2026,March,3,06,2026,Week 2,Databricks,prod-gdo-fdh-workflow-okya,,Streaming,Okya,,Bronze,Scheduled,Hourly,0:11:26,Success,Blazeclan,,
3/6/2026,March,3,06,2026,Week 2,Databricks,prod-gdo-fdh-workflow-okya,,Streaming,Okya,,Bronze,Scheduled,Hourly,0:10:54,Success,Blazeclan,,
3/6/2026,March,3,06,2026,Week 2,Databricks,prod-gdo-fdh-workflow-braze,,,,,,Scheduled,Daily (2:00 AM),0:23:35,Success,TM,,
3/6/2026,March,3,06,2026,Week 2,Databricks,prod-gdo-fdh-workflow-qmai-bronze,,Streaming,QMAI,,Bronze,Scheduled,Daily (2:00 AM),0:37:05,Success,Blazeclan,,
3/6/2026,March,3,06,2026,Week 2,Databricks,prod-gdo-fdh-workflow-qmai-bronze,,Streaming,QMAI,,Bronze,Manual Re-run,Daily (2:00 AM),0:13:45,Success,Blazeclan,,
3/6/2026,March,3,06,2026,Week 2,Databricks,prod-gdo-fdh-workflow-qmai-bronze,,Streaming,QMAI,,Bronze,Manual Re-run,Daily (2:00 AM),0:15:05,Success,Blazeclan,,
3/6/2026,March,3,06,2026,Week 2,Databricks,prod-gdo-fdh-workflow-okya,,Streaming,Okya,,Bronze,Scheduled,Hourly,0:10:36,Success,Blazeclan,,
3/6/2026,March,3,06,2026,Week 2,Databricks,prod-gdo-fdh-workflow-qmai-silver-product_goods,,,,,,Scheduled,Daily (3:00 AM),0:08:33,Success,Blazeclan,,
3/6/2026,March,3,06,2026,Week 2,Databricks,prod-gdo-fdh-workflow-qmai-silver,,Batch,QMAI,,Silver,Scheduled,Daily (3:00 AM),0:06:54,Success,Blazeclan,,
3/6/2026,March,3,06,2026,Week 2,Databricks,prod-gdo-fdh-workflow-okya,,Streaming,Okya,,Bronze,Scheduled,Hourly,0:10:57,Success,Blazeclan,,
3/6/2026,March,3,06,2026,Week 2,Databricks,prod-gdo-fdh-workflow-okya,,Streaming,Okya,,Bronze,Scheduled,Hourly,0:10:59,Success,Blazeclan,,
3/6/2026,March,3,06,2026,Week 2,Databricks,prod-gdo-fdh-daily-workflow-ironman-rdbms,,,,,,Scheduled,Daily (5:30 AM),0:12:50,Success,Blazeclan,,
3/6/2026,March,3,06,2026,Week 2,Databricks,prod-gdo-fdh-workflow-okya,,Streaming,Okya,,Bronze,Scheduled,Hourly,0:10:46,Success,Blazeclan,,
3/6/2026,March,3,06,2026,Week 2,Databricks,prod-gdo-fdh-workflow-okya,,Streaming,Okya,,Bronze,Scheduled,Hourly,0:10:47,Success,Blazeclan,,
3/6/2026,March,3,06,2026,Week 2,Databricks,prod-gdo-fdh-workflow-okya-silver,,,,,,Scheduled,Daily (7:24 AM),0:12:49,Success,Blazeclan,,
3/6/2026,March,3,06,2026,Week 2,Databricks,prod-gdo-fdh-workflow-okya,,Streaming,Okya,,Bronze,Scheduled,Hourly,0:11:03,Success,Blazeclan,,
3/6/2026,March,3,06,2026,Week 2,Databricks,prod-gdo-fdh-daily-workflow-qualtrics-api,,,,,,Scheduled,Daily (8:23 AM),0:13:21,Success,Blazeclan,,
3/6/2026,March,3,06,2026,Week 2,Databricks,prod-gdo-fdh-daily-workflow-okya-api,,Batch,Okya,,Bronze,Scheduled,Daily (8:23 AM),0:23:39,Success,Blazeclan,,
3/6/2026,March,3,06,2026,Week 2,Databricks,prod-gdo-fdh-workflow-okya,,Streaming,Okya,,Bronze,Scheduled,Hourly,0:10:43,Success,Blazeclan,,
3/6/2026,March,3,06,2026,Week 2,Databricks,prod-gdo-fdh-workflow-ga-dtls-daily,,,,,,Scheduled,Daily (9:00 AM),0:10:49,Success,DXC,,
3/6/2026,March,3,06,2026,Week 2,Databricks,prod-gdo-fdh-workflow-ga-dtls-goal,,,,,,Scheduled,Daily (9:00 AM),0:11:07,Success,DXC,,
3/6/2026,March,3,06,2026,Week 2,Databricks,prod-gdo-fdh-workflow-qualtrics-silver,,,,,,Scheduled,Daily (9:00 AM),0:09:23,Success,Blazeclan,,
3/6/2026,March,3,06,2026,Week 2,Databricks,prod-gdo-fdh-workflow-okya,,Streaming,Okya,,Bronze,Scheduled,Hourly,0:11:07,Success,Blazeclan,,
3/6/2026,March,3,06,2026,Week 2,Databricks,prod-gdo-fdh-daily-workflow-tillster,,Batch,Tillster,,Bronze,Scheduled,Daily (10:23 AM),0:13:36,Success,Blazeclan,,
3/6/2026,March,3,06,2026,Week 2,Databricks,prod-gdo-fdh-grabfood-workflow,,,,,,Scheduled,Daily (10:30 AM),0:16:12,Success,TM,,
3/6/2026,March,3,06,2026,Week 2,Databricks,prod-gdo-fdh-workflow-foodpanda,,,,,,Scheduled,Daily (10:30 AM),0:14:39,Success,TM,,
3/6/2026,March,3,06,2026,Week 2,Databricks,prod-gdo-fdh-workflow-okya,,Streaming,Okya,,Bronze,Scheduled,Hourly,0:11:18,Success,Blazeclan,,
3/6/2026,March,3,06,2026,Week 2,Databricks,Daily Run - Freedompay,,,,,,,Daily (10:00 AM),0:12:13,Success,GDO,,
3/6/2026,March,3,06,2026,Week 2,Databricks,prod-gdo-fdh-silver-okya-jb-user-address-job,,Batch,Okya,,Silver,Scheduled,Daily (11:30 AM),0:14:28,Success,TA,,
3/6/2026,March,3,06,2026,Week 2,Databricks,prod-gdo-fdh-silver-okya-jb-order-tender-job,,Batch,Okya,,Silver,Scheduled,Daily (11:30 AM),0:12:21,Success,TA,,
3/6/2026,March,3,06,2026,Week 2,Databricks,prod-gdo-fdh-silver-okya-jb-order-items-job,,Batch,Okya,,Silver,Scheduled,Daily (11:30 AM),0:15:45,Success,TA,,
3/6/2026,March,3,06,2026,Week 2,Databricks,prod-gdo-fdh-silver-okya-jb-order-staging-job,,Batch,Okya,,Silver,Scheduled,Daily (11:30 AM),0:21:37,Success,TA,,
3/6/2026,March,3,06,2026,Week 2,Databricks,prod-gdo-fdh-silver-okya-jb-customer-workflow,,Batch,Okya,,Silver,Scheduled,Daily (11:30 AM),0:18:45,Success,TA,,
3/6/2026,March,3,06,2026,Week 2,Databricks,prod-gdo-fdh-workflow-okya,,Streaming,Okya,,Bronze,Scheduled,Hourly,0:10:44,Success,Blazeclan,,
3/6/2026,March,3,06,2026,Week 2,Databricks,prod-gdo-fdh-silver-tillster-jb-order-staging-job,,Batch,Tillster,,Silver,Scheduled,Daily (12:00 PM),0:38:30,Success,TA,,
3/6/2026,March,3,06,2026,Week 2,Databricks,prod-gdo-fdh-silver-tillster-jb-customer-workflow,,Batch,Tillster,,Silver,Scheduled,Daily (12:00 PM),0:13:33,Success,TA,,
3/6/2026,March,3,06,2026,Week 2,Databricks,prod-gdo-fdh-silver-tillster-jb-order-tender-job,,Batch,Tillster,,Silver,Scheduled,Daily (12:00 PM),0:25:00,Success,TA,,
3/6/2026,March,3,06,2026,Week 2,Databricks,prod-gdo-fdh-silver-tillster-jb-order-items-job,,Batch,Tillster,,Silver,Scheduled,Daily (12:00 PM),0:25:20,Success,TA,,
3/6/2026,March,3,06,2026,Week 2,Databricks,prod-gdo-fdh-silver-okya-jb-deactivation-workflow,,Batch,Okya,,Silver,Scheduled,Daily (12:00 PM),0:47:58,Failed,TA,,
3/6/2026,March,3,06,2026,Week 2,Databricks,prod-gdo-fdh-gold-archive-tables-job,,Batch,"Tillster, Okya",,Gold,Scheduled,Daily (12:30 PM),0:12:54,Success,TA,,
3/6/2026,March,3,06,2026,Week 2,Databricks,prod-gdo-fdh-workflow-okya,,Streaming,Okya,,Bronze,Scheduled,Hourly,0:10:39,Success,Blazeclan,,
3/6/2026,March,3,06,2026,Week 2,Databricks,prod-gdo-fdh-workflow-okya,,Streaming,Okya,,Bronze,Scheduled,Hourly,0:10:38,Success,Blazeclan,,
3/6/2026,March,3,06,2026,Week 2,Databricks,prod-gdo-fdh-workflow-okya,,Streaming,Okya,,Bronze,Scheduled,Hourly,0:10:48,Success,Blazeclan,,
3/6/2026,March,3,06,2026,Week 2,Databricks,prod-gdo-fdh-workflow-okya,,Streaming,Okya,,Bronze,Scheduled,Hourly,0:10:49,Success,Blazeclan,,
3/6/2026,March,3,06,2026,Week 2,Databricks,prod-gdo-fdh-workflow-okya,,Streaming,Okya,,Bronze,Scheduled,Hourly,0:10:57,Success,Blazeclan,,
3/6/2026,March,3,06,2026,Week 2,Databricks,fdh_workflow_gemm_trademarketinggroup,,,,,,Scheduled,Daily (5:00 PM),0:11:30,Success,GDO,,
3/6/2026,March,3,06,2026,Week 2,Databricks,fdh-workflow-gemm_storevisitresponses,,,,,,Scheduled,Daily (5:00 PM),0:12:24,Success,GDO,,
3/6/2026,March,3,06,2026,Week 2,Databricks,prod-gdo-fdh-workflow-okya,,Streaming,Okya,,Bronze,Scheduled,Hourly,0:10:17,Success,Blazeclan,,
3/6/2026,March,3,06,2026,Week 2,Databricks,prod-gdo-fdh-workflow-okya,,Streaming,Okya,,Bronze,Scheduled,Hourly,0:10:56,Success,Blazeclan,,
3/6/2026,March,3,06,2026,Week 2,Databricks,prod-gdo-fdh-workflow-okya,,Streaming,Okya,,Bronze,Scheduled,Hourly,0:10:47,Success,Blazeclan,,
3/6/2026,March,3,06,2026,Week 2,Databricks,prod-gdo-fdh-workflow-okya,,Streaming,Okya,,Bronze,Scheduled,Hourly,0:11:40,Success,Blazeclan,,
3/6/2026,March,3,06,2026,Week 2,Databricks,prod-gdo-fdh-workflow-okya,,Streaming,Okya,,Bronze,Scheduled,Hourly,0:10:40,Success,Blazeclan,,
3/6/2026,March,3,06,2026,Week 2,Databricks,prod-gdo-fdh-workflow-okya,,Streaming,Okya,,Bronze,Scheduled,Hourly,0:10:27,Success,Blazeclan,,
3/7/2026,March,3,07,2026,Week 2,Databricks,prod-gdo-fdh-workflow-okya,,Streaming,Okya,,Bronze,Scheduled,Hourly,0:10:45,Success,Blazeclan,,
3/7/2026,March,3,07,2026,Week 2,Databricks,prod-gdo-fdh-workflow-digital-performance,,,,,,Scheduled,Daily (12:30 AM) ,0:11:25,Failed,TM,,
3/7/2026,March,3,07,2026,Week 2,Databricks,prod-gdo-fdh-workflow-okya,,Streaming,Okya,,Bronze,Scheduled,Hourly,0:10:59,Success,Blazeclan,,
3/7/2026,March,3,07,2026,Week 2,Databricks,prod-gdo-fdh-workflow-okya,,Streaming,Okya,,Bronze,Scheduled,Hourly,0:10:34,Success,Blazeclan,,
3/7/2026,March,3,07,2026,Week 2,Databricks,prod-gdo-fdh-workflow-braze,,,,,,Scheduled,Daily (2:00 AM),0:22:56,Success,TM,,
3/7/2026,March,3,07,2026,Week 2,Databricks,prod-gdo-fdh-workflow-qmai-bronze,,Streaming,QMAI,,Bronze,Scheduled,Daily (2:00 AM),0:14:26,Success,Blazeclan,,
3/7/2026,March,3,07,2026,Week 2,Databricks,prod-gdo-fdh-workflow-okya,,Streaming,Okya,,Bronze,Scheduled,Hourly,0:10:48,Success,Blazeclan,,
3/7/2026,March,3,07,2026,Week 2,Databricks,prod-gdo-fdh-workflow-qmai-silver-product_goods,,,,,,Scheduled,Daily (3:00 AM),0:08:54,Success,Blazeclan,,
3/7/2026,March,3,07,2026,Week 2,Databricks,prod-gdo-fdh-workflow-qmai-silver,,Batch,QMAI,,Silver,Scheduled,Daily (3:00 AM),0:07:17,Success,Blazeclan,,
3/7/2026,March,3,07,2026,Week 2,Databricks,prod-gdo-fdh-workflow-okya,,Streaming,Okya,,Bronze,Scheduled,Hourly,0:10:32,Success,Blazeclan,,
3/7/2026,March,3,07,2026,Week 2,Databricks,prod-gdo-fdh-workflow-okya,,Streaming,Okya,,Bronze,Scheduled,Hourly,0:10:52,Success,Blazeclan,,
3/7/2026,March,3,07,2026,Week 2,Databricks,prod-gdo-fdh-daily-workflow-ironman-rdbms,,,,,,Scheduled,Daily (5:30 AM),0:13:03,Success,Blazeclan,,
3/7/2026,March,3,07,2026,Week 2,Databricks,prod-gdo-fdh-workflow-okya,,Streaming,Okya,,Bronze,Scheduled,Hourly,0:10:49,Success,Blazeclan,,
3/7/2026,March,3,07,2026,Week 2,Databricks,prod-gdo-fdh-workflow-okya,,Streaming,Okya,,Bronze,Scheduled,Hourly,0:10:30,Success,Blazeclan,,
3/7/2026,March,3,07,2026,Week 2,Databricks,prod-gdo-fdh-workflow-okya-silver,,,,,,Scheduled,Daily (7:24 AM),0:12:46,Success,Blazeclan,,
3/7/2026,March,3,07,2026,Week 2,Databricks,prod-gdo-fdh-workflow-okya,,Streaming,Okya,,Bronze,Scheduled,Hourly,0:10:48,Success,Blazeclan,,
3/7/2026,March,3,07,2026,Week 2,Databricks,prod-gdo-fdh-daily-workflow-qualtrics-api,,,,,,Scheduled,Daily (8:23 AM),0:14:20,Success,Blazeclan,,
3/7/2026,March,3,07,2026,Week 2,Databricks,prod-gdo-fdh-daily-workflow-okya-api,,Batch,Okya,,Bronze,Scheduled,Daily (8:23 AM),0:23:31,Success,Blazeclan,,
3/7/2026,March,3,07,2026,Week 2,Databricks,prod-gdo-fdh-workflow-okya,,Streaming,Okya,,Bronze,Scheduled,Hourly,0:10:52,Success,Blazeclan,,
3/7/2026,March,3,07,2026,Week 2,Databricks,prod-gdo-fdh-workflow-ga-dtls-daily,,,,,,Scheduled,Daily (9:00 AM),0:10:59,Success,DXC,,
3/7/2026,March,3,07,2026,Week 2,Databricks,prod-gdo-fdh-workflow-ga-dtls-goal,,,,,,Scheduled,Daily (9:00 AM),0:11:30,Success,DXC,,
3/7/2026,March,3,07,2026,Week 2,Databricks,prod-gdo-fdh-workflow-qualtrics-silver,,,,,,Scheduled,Daily (9:00 AM),0:11:43,Success,Blazeclan,,
3/7/2026,March,3,07,2026,Week 2,Databricks,prod-gdo-fdh-workflow-okya,,Streaming,Okya,,Bronze,Scheduled,Hourly,0:10:42,Success,Blazeclan,,
3/7/2026,March,3,07,2026,Week 2,Databricks,prod-gdo-fdh-daily-workflow-tillster,,Batch,Tillster,,Bronze,Scheduled,Daily (10:23 AM),0:14:05,Success,Blazeclan,,
3/7/2026,March,3,07,2026,Week 2,Databricks,prod-gdo-fdh-grabfood-workflow,,,,,,Scheduled,Daily (10:30 AM),0:15:56,Success,TM,,
3/7/2026,March,3,07,2026,Week 2,Databricks,prod-gdo-fdh-workflow-foodpanda,,,,,,Scheduled,Daily (10:30 AM),0:15:14,Success,TM,,
3/7/2026,March,3,07,2026,Week 2,Databricks,prod-gdo-fdh-workflow-okya,,Streaming,Okya,,Bronze,Scheduled,Hourly,0:11:10,Success,Blazeclan,,
3/7/2026,March,3,07,2026,Week 2,Databricks,Daily Run - Freedompay,,,,,,Scheduled,Daily (10:00 AM),0:12:09,Success,GDO,,
3/7/2026,March,3,07,2026,Week 2,Databricks,prod-gdo-fdh-silver-okya-jb-user-address-job,,Batch,Okya,,Silver,Scheduled,Daily (11:30 AM),0:19:06,Success,TA,,
3/7/2026,March,3,07,2026,Week 2,Databricks,prod-gdo-fdh-silver-okya-jb-order-tender-job,,Batch,Okya,,Silver,Scheduled,Daily (11:30 AM),0:16:42,Success,TA,,
3/7/2026,March,3,07,2026,Week 2,Databricks,prod-gdo-fdh-silver-okya-jb-order-items-job,,Batch,Okya,,Silver,Scheduled,Daily (11:30 AM),0:14:47,Success,TA,,
3/7/2026,March,3,07,2026,Week 2,Databricks,prod-gdo-fdh-silver-okya-jb-order-staging-job,,Batch,Okya,,Silver,Scheduled,Daily (11:30 AM),0:22:37,Success,TA,,
3/7/2026,March,3,07,2026,Week 2,Databricks,prod-gdo-fdh-silver-okya-jb-customer-workflow,,Batch,Okya,,Silver,Scheduled,Daily (11:30 AM),0:21:34,Success,TA,,
3/7/2026,March,3,07,2026,Week 2,Databricks,prod-gdo-fdh-workflow-okya,,Streaming,Okya,,Bronze,Scheduled,Hourly,0:11:09,Success,Blazeclan,,
3/7/2026,March,3,07,2026,Week 2,Databricks,prod-gdo-fdh-silver-tillster-jb-order-staging-job,,Batch,Tillster,,Silver,Scheduled,Daily (12:00 PM),0:12:38,Success,TA,,
3/7/2026,March,3,07,2026,Week 2,Databricks,prod-gdo-fdh-silver-tillster-jb-customer-workflow,,Batch,Tillster,,Silver,Scheduled,Daily (12:00 PM),0:12:06,Success,TA,,
3/7/2026,March,3,07,2026,Week 2,Databricks,prod-gdo-fdh-silver-tillster-jb-order-tender-job,,Batch,Tillster,,Silver,Scheduled,Daily (12:00 PM),0:12:23,Success,TA,,
3/7/2026,March,3,07,2026,Week 2,Databricks,prod-gdo-fdh-silver-tillster-jb-order-items-job,,Batch,Tillster,,Silver,Scheduled,Daily (12:00 PM),0:10:52,Success,TA,,
3/7/2026,March,3,07,2026,Week 2,Databricks,prod-gdo-fdh-silver-okya-jb-deactivation-workflow,,Batch,Okya,,Silver,Scheduled,Daily (12:00 PM),0:43:12,Failed,TA,,
3/7/2026,March,3,07,2026,Week 2,Databricks,prod-gdo-fdh-gold-archive-tables-job,,Batch,"Tillster, Okya",,Gold,Scheduled,Daily (12:30 PM),0:14:22,Success,TA,,
3/7/2026,March,3,07,2026,Week 2,Databricks,prod-gdo-fdh-workflow-okya,,Streaming,Okya,,Bronze,Scheduled,Hourly,0:10:32,Success,Blazeclan,,
3/7/2026,March,3,07,2026,Week 2,Databricks,prod-gdo-fdh-workflow-okya,,Streaming,Okya,,Bronze,Scheduled,Hourly,0:10:57,Success,Blazeclan,,
3/7/2026,March,3,07,2026,Week 2,Databricks,prod-gdo-fdh-workflow-okya,,Streaming,Okya,,Bronze,Scheduled,Hourly,0:10:39,Success,Blazeclan,,
3/7/2026,March,3,07,2026,Week 2,Databricks,prod-gdo-fdh-workflow-okya,,Streaming,Okya,,Bronze,Scheduled,Hourly,0:10:43,Success,Blazeclan,,
3/7/2026,March,3,07,2026,Week 2,Databricks,prod-gdo-fdh-workflow-okya,,Streaming,Okya,,Bronze,Scheduled,Hourly,0:10:52,Success,Blazeclan,,
3/7/2026,March,3,07,2026,Week 2,Databricks,fdh_workflow_gemm_trademarketinggroup,,,,,,Scheduled,Daily (5:00 PM),0:13:00,Success,GDO,,
3/7/2026,March,3,07,2026,Week 2,Databricks,fdh-workflow-gemm_storevisitresponses,,,,,,Scheduled,Daily (5:00 PM),0:14:03,Success,GDO,,
3/7/2026,March,3,07,2026,Week 2,Databricks,prod-gdo-fdh-workflow-okya,,Streaming,Okya,,Bronze,Scheduled,Hourly,0:10:46,Success,Blazeclan,,
3/7/2026,March,3,07,2026,Week 2,Databricks,prod-gdo-fdh-workflow-okya,,Streaming,Okya,,Bronze,Scheduled,Hourly,0:10:43,Success,Blazeclan,,
3/7/2026,March,3,07,2026,Week 2,Databricks,prod-gdo-fdh-workflow-okya,,Streaming,Okya,,Bronze,Scheduled,Hourly,0:10:41,Success,Blazeclan,,
3/7/2026,March,3,07,2026,Week 2,Databricks,prod-gdo-fdh-workflow-okya,,Streaming,Okya,,Bronze,Scheduled,Hourly,0:11:03,Success,Blazeclan,,
3/7/2026,March,3,07,2026,Week 2,Databricks,prod-gdo-fdh-workflow-okya,,Streaming,Okya,,Bronze,Scheduled,Hourly,0:10:39,Success,Blazeclan,,
3/7/2026,March,3,07,2026,Week 2,Databricks,prod-gdo-fdh-workflow-okya,,Streaming,Okya,,Bronze,Scheduled,Hourly,0:11:02,Success,Blazeclan,,
3/8/2026,March,3,08,2026,Week 2,Databricks,prod-gdo-fdh-workflow-okya,,Streaming,Okya,,Bronze,Scheduled,Hourly,0:10:41,Success,Blazeclan,,
3/8/2026,March,3,08,2026,Week 2,Databricks,prod-gdo-fdh-workflow-digital-performance,,,,,,Scheduled,Daily (12:30 AM) ,0:11:40,Failed,TM,,
3/8/2026,March,3,08,2026,Week 2,Databricks,prod-gdo-fdh-workflow-okya,,Streaming,Okya,,Bronze,Scheduled,Hourly,0:10:57,Success,Blazeclan,,
3/8/2026,March,3,08,2026,Week 2,Databricks,prod-gdo-fdh-workflow-okya,,Streaming,Okya,,Bronze,Scheduled,Hourly,0:11:04,Success,Blazeclan,,
3/8/2026,March,3,08,2026,Week 2,Databricks,prod-gdo-fdh-workflow-braze,,,,,,Scheduled,Daily (2:00 AM),0:30:11,Success,TM,,
3/8/2026,March,3,08,2026,Week 2,Databricks,prod-gdo-fdh-workflow-qmai-bronze,,Streaming,QMAI,,Bronze,Scheduled,Daily (2:00 AM),0:15:00,Success,Blazeclan,,
3/8/2026,March,3,08,2026,Week 2,Databricks,prod-gdo-fdh-workflow-okya,,Streaming,Okya,,Bronze,Scheduled,Hourly,0:10:48,Success,Blazeclan,,
3/8/2026,March,3,08,2026,Week 2,Databricks,prod-gdo-fdh-workflow-qmai-silver-product_goods,,,,,,Scheduled,Daily (3:00 AM),0:08:46,Success,Blazeclan,,
3/8/2026,March,3,08,2026,Week 2,Databricks,prod-gdo-fdh-workflow-qmai-silver,,Batch,QMAI,,Silver,Scheduled,Daily (3:00 AM),0:09:00,Success,Blazeclan,,
3/8/2026,March,3,08,2026,Week 2,Databricks,prod-gdo-fdh-workflow-okya,,Streaming,Okya,,Bronze,Scheduled,Hourly,0:10:46,Success,Blazeclan,,
3/8/2026,March,3,08,2026,Week 2,Databricks,prod-gdo-fdh-workflow-okya,,Streaming,Okya,,Bronze,Scheduled,Hourly,0:10:26,Success,Blazeclan,,
3/8/2026,March,3,08,2026,Week 2,Databricks,prod-gdo-fdh-daily-workflow-ironman-rdbms,,,,,,Scheduled,Daily (5:30 AM),0:13:01,Success,Blazeclan,,
3/8/2026,March,3,08,2026,Week 2,Databricks,prod-gdo-fdh-workflow-okya,,Streaming,Okya,,Bronze,Scheduled,Hourly,0:10:43,Success,Blazeclan,,
3/8/2026,March,3,08,2026,Week 2,Databricks,prod-gdo-fdh-workflow-okya,,Streaming,Okya,,Bronze,Scheduled,Hourly,0:10:50,Success,Blazeclan,,
3/8/2026,March,3,08,2026,Week 2,Databricks,prod-gdo-fdh-workflow-okya-silver,,,,,,Scheduled,Daily (7:24 AM),0:12:51,Success,Blazeclan,,
3/8/2026,March,3,08,2026,Week 2,Databricks,prod-gdo-fdh-workflow-okya,,Streaming,Okya,,Bronze,Scheduled,Hourly,0:10:43,Success,Blazeclan,,
3/8/2026,March,3,08,2026,Week 2,Databricks,prod-gdo-fdh-daily-workflow-qualtrics-api,,,,,,Scheduled,Daily (8:23 AM),0:09:58,Failed,Blazeclan,,
3/8/2026,March,3,08,2026,Week 2,Databricks,prod-gdo-fdh-daily-workflow-okya-api,,Batch,Okya,,Bronze,Scheduled,Daily (8:23 AM),0:23:12,Success,Blazeclan,,
3/8/2026,March,3,08,2026,Week 2,Databricks,prod-gdo-fdh-workflow-okya,,Streaming,Okya,,Bronze,Scheduled,Hourly,0:10:27,Success,Blazeclan,,
3/8/2026,March,3,08,2026,Week 2,Databricks,prod-gdo-fdh-workflow-ga-dtls-daily,,,,,,Scheduled,Daily (9:00 AM),0:10:20,Success,DXC,,
3/8/2026,March,3,08,2026,Week 2,Databricks,prod-gdo-fdh-workflow-ga-dtls-goal,,,,,,Scheduled,Daily (9:00 AM),0:10:31,Success,DXC,,
3/8/2026,March,3,08,2026,Week 2,Databricks,prod-gdo-fdh-workflow-qualtrics-silver,,,,,,Scheduled,Daily (9:00 AM),0:10:33,Success,Blazeclan,,
3/8/2026,March,3,08,2026,Week 2,Databricks,prod-gdo-fdh-workflow-okya,,Streaming,Okya,,Bronze,Scheduled,Hourly,0:10:33,Success,Blazeclan,,
3/8/2026,March,3,08,2026,Week 2,Databricks,prod-gdo-fdh-daily-workflow-tillster,,Batch,Tillster,,Bronze,Scheduled,Daily (10:23 AM),0:13:35,Success,Blazeclan,,
3/8/2026,March,3,08,2026,Week 2,Databricks,prod-gdo-fdh-grabfood-workflow,,,,,,Scheduled,Daily (10:30 AM),0:18:02,Success,TM,,
3/8/2026,March,3,08,2026,Week 2,Databricks,prod-gdo-fdh-workflow-foodpanda,,,,,,Scheduled,Daily (10:30 AM),0:14:44,Success,TM,,
3/8/2026,March,3,08,2026,Week 2,Databricks,prod-gdo-fdh-workflow-okya,,Streaming,Okya,,Bronze,Scheduled,Hourly,0:10:33,Success,Blazeclan,,
3/8/2026,March,3,08,2026,Week 2,Databricks,Daily Run - Freedompay,,,,,,Scheduled,Daily (10:00 AM),0:11:46,Success,GDO,,
3/8/2026,March,3,08,2026,Week 2,Databricks,prod-gdo-fdh-silver-okya-jb-user-address-job,,Batch,Okya,,Silver,Scheduled,Daily (11:30 AM),0:16:09,Success,TA,,
3/8/2026,March,3,08,2026,Week 2,Databricks,prod-gdo-fdh-silver-okya-jb-order-tender-job,,Batch,Okya,,Silver,Scheduled,Daily (11:30 AM),0:12:48,Success,TA,,
3/8/2026,March,3,08,2026,Week 2,Databricks,prod-gdo-fdh-silver-okya-jb-order-items-job,,Batch,Okya,,Silver,Scheduled,Daily (11:30 AM),0:16:38,Success,TA,,
3/8/2026,March,3,08,2026,Week 2,Databricks,prod-gdo-fdh-silver-okya-jb-order-staging-job,,Batch,Okya,,Silver,Scheduled,Daily (11:30 AM),0:20:35,Success,TA,,
3/8/2026,March,3,08,2026,Week 2,Databricks,prod-gdo-fdh-silver-okya-jb-customer-workflow,,Batch,Okya,,Silver,Scheduled,Daily (11:30 AM),0:22:03,Success,TA,,
3/8/2026,March,3,08,2026,Week 2,Databricks,prod-gdo-fdh-workflow-okya,,Streaming,Okya,,Bronze,Scheduled,Hourly,0:10:36,Success,Blazeclan,,
3/8/2026,March,3,08,2026,Week 2,Databricks,prod-gdo-fdh-silver-tillster-jb-order-staging-job,,Batch,Tillster,,Silver,Scheduled,Daily (12:00 PM),0:11:31,Success,TA,,
3/8/2026,March,3,08,2026,Week 2,Databricks,prod-gdo-fdh-silver-tillster-jb-customer-workflow,,Batch,Tillster,,Silver,Scheduled,Daily (12:00 PM),0:12:06,Success,TA,,
3/8/2026,March,3,08,2026,Week 2,Databricks,prod-gdo-fdh-silver-tillster-jb-order-tender-job,,Batch,Tillster,,Silver,Scheduled,Daily (12:00 PM),0:12:39,Success,TA,,
3/8/2026,March,3,08,2026,Week 2,Databricks,prod-gdo-fdh-silver-tillster-jb-order-items-job,,Batch,Tillster,,Silver,Scheduled,Daily (12:00 PM),0:10:58,Success,TA,,
3/8/2026,March,3,08,2026,Week 2,Databricks,prod-gdo-fdh-silver-okya-jb-deactivation-workflow,,Batch,Okya,,Silver,Scheduled,Daily (12:00 PM),0:42:38,Failed,TA,,
3/8/2026,March,3,08,2026,Week 2,Databricks,prod-gdo-fdh-gold-archive-tables-job,,Batch,"Tillster, Okya",,Gold,Scheduled,Daily (12:30 PM),0:13:53,Success,TA,,
3/8/2026,March,3,08,2026,Week 2,Databricks,prod-gdo-fdh-workflow-okya,,Streaming,Okya,,Bronze,Scheduled,Hourly,0:11:02,Success,Blazeclan,,
3/8/2026,March,3,08,2026,Week 2,Databricks,prod-gdo-fdh-workflow-okya,,Streaming,Okya,,Bronze,Scheduled,Hourly,0:10:38,Success,Blazeclan,,
3/8/2026,March,3,08,2026,Week 2,Databricks,prod-gdo-fdh-workflow-okya,,Streaming,Okya,,Bronze,Scheduled,Hourly,0:10:28,Success,Blazeclan,,
3/8/2026,March,3,08,2026,Week 2,Databricks,prod-gdo-fdh-workflow-okya,,Streaming,Okya,,Bronze,Scheduled,Hourly,0:10:36,Success,Blazeclan,,
3/8/2026,March,3,08,2026,Week 2,Databricks,prod-gdo-fdh-workflow-okya,,Streaming,Okya,,Bronze,Scheduled,Hourly,0:10:44,Success,Blazeclan,,
3/8/2026,March,3,08,2026,Week 2,Databricks,fdh_workflow_gemm_trademarketinggroup,,,,,,Scheduled,Daily (5:00 PM),0:11:11,Success,GDO,,
3/8/2026,March,3,08,2026,Week 2,Databricks,fdh-workflow-gemm_storevisitresponses,,,,,,Scheduled,Daily (5:00 PM),0:11:58,Success,GDO,,
3/8/2026,March,3,08,2026,Week 2,Databricks,prod-gdo-fdh-workflow-okya,,Streaming,Okya,,Bronze,Scheduled,Hourly,0:10:55,Success,Blazeclan,,
3/8/2026,March,3,08,2026,Week 2,Databricks,prod-gdo-fdh-workflow-okya,,Streaming,Okya,,Bronze,Scheduled,Hourly,0:10:42,Success,Blazeclan,,
3/8/2026,March,3,08,2026,Week 2,Databricks,prod-gdo-fdh-workflow-okya,,Streaming,Okya,,Bronze,Scheduled,Hourly,0:10:47,Success,Blazeclan,,
3/8/2026,March,3,08,2026,Week 2,Databricks,prod-gdo-fdh-workflow-okya,,Streaming,Okya,,Bronze,Scheduled,Hourly,0:10:49,Success,Blazeclan,,
3/8/2026,March,3,08,2026,Week 2,Databricks,prod-gdo-fdh-workflow-okya,,Streaming,Okya,,Bronze,Scheduled,Hourly,0:11:40,Success,Blazeclan,,
3/8/2026,March,3,08,2026,Week 2,Databricks,prod-gdo-fdh-workflow-okya,,Streaming,Okya,,Bronze,Scheduled,Hourly,0:14:06,Success,Blazeclan,,
3/9/2026,March,3,09,2026,Week 3,Databricks,prod-gdo-fdh-workflow-okya,,Streaming,Okya,,Bronze,Scheduled,Hourly,0:10:47,Success,Blazeclan,,
3/9/2026,March,3,09,2026,Week 3,Databricks,prod-gdo-fdh-workflow-digital-performance,,,,,,Scheduled,Daily (12:30 AM) ,0:16:04,Failed,TM,,
3/9/2026,March,3,09,2026,Week 3,Databricks,prod-gdo-fdh-workflow-okya,,Streaming,Okya,,Bronze,Scheduled,Hourly,0:10:53,Success,Blazeclan,,
3/9/2026,March,3,09,2026,Week 3,Databricks,prod-gdo-fdh-workflow-okya,,Streaming,Okya,,Bronze,Scheduled,Hourly,0:10:41,Success,Blazeclan,,
3/9/2026,March,3,09,2026,Week 3,Databricks,prod-gdo-fdh-workflow-braze,,,,,,Scheduled,Daily (2:00 AM),0:23:57,Success,TM,,
3/9/2026,March,3,09,2026,Week 3,Databricks,prod-gdo-fdh-workflow-qmai-bronze,,Streaming,QMAI,,Bronze,Scheduled,Daily (2:00 AM),0:16:32,Success,Blazeclan,,
3/9/2026,March,3,09,2026,Week 3,Databricks,prod-gdo-fdh-workflow-okya,,Streaming,Okya,,Bronze,Scheduled,Hourly,0:10:30,Success,Blazeclan,,
3/9/2026,March,3,09,2026,Week 3,Databricks,prod-gdo-fdh-workflow-qmai-silver-product_goods,,,,,,Scheduled,Daily (3:00 AM),0:08:42,Success,Blazeclan,,
3/9/2026,March,3,09,2026,Week 3,Databricks,prod-gdo-fdh-workflow-qmai-silver,,Batch,QMAI,,Silver,Scheduled,Daily (3:00 AM),0:11:38,Success,Blazeclan,,
3/9/2026,March,3,09,2026,Week 3,Databricks,prod-gdo-fdh-workflow-okya,,Streaming,Okya,,Bronze,Scheduled,Hourly,0:10:19,Success,Blazeclan,,
3/9/2026,March,3,09,2026,Week 3,Databricks,prod-gdo-fdh-workflow-okya,,Streaming,Okya,,Bronze,Scheduled,Hourly,0:10:30,Success,Blazeclan,,
3/9/2026,March,3,09,2026,Week 3,Databricks,prod-gdo-fdh-daily-workflow-ironman-rdbms,,,,,,Scheduled,Daily (5:30 AM),0:12:56,Success,Blazeclan,,
3/9/2026,March,3,09,2026,Week 3,Databricks,prod-gdo-fdh-workflow-okya,,Streaming,Okya,,Bronze,Scheduled,Hourly,0:11:02,Success,Blazeclan,,
3/9/2026,March,3,09,2026,Week 3,Databricks,prod-gdo-fdh-workflow-okya,,Streaming,Okya,,Bronze,Scheduled,Hourly,0:10:29,Success,Blazeclan,,
3/9/2026,March,3,09,2026,Week 3,Databricks,prod-gdo-fdh-workflow-okya-silver,,,,,,Scheduled,Daily (7:24 AM),0:12:46,Success,Blazeclan,,
3/9/2026,March,3,09,2026,Week 3,Databricks,prod-gdo-fdh-workflow-okya,,Streaming,Okya,,Bronze,Scheduled,Hourly,0:10:30,Success,Blazeclan,,
3/9/2026,March,3,09,2026,Week 3,Databricks,prod-gdo-fdh-daily-workflow-qualtrics-api,,,,,,Scheduled,Daily (8:23 AM),0:10:14,Failed,Blazeclan,,
3/9/2026,March,3,09,2026,Week 3,Databricks,prod-gdo-fdh-daily-workflow-okya-api,,Batch,Okya,,Bronze,Scheduled,Daily (8:23 AM),0:23:39,Success,Blazeclan,,
3/9/2026,March,3,09,2026,Week 3,Databricks,prod-gdo-fdh-workflow-okya,,Streaming,Okya,,Bronze,Scheduled,Hourly,0:10:35,Success,Blazeclan,,
3/9/2026,March,3,09,2026,Week 3,Databricks,prod-gdo-fdh-workflow-ga-dtls-daily,,,,,,Scheduled,Daily (9:00 AM),0:10:48,Success,DXC,,
3/9/2026,March,3,09,2026,Week 3,Databricks,prod-gdo-fdh-workflow-ga-dtls-goal,,,,,,Scheduled,Daily (9:00 AM),0:11:45,Success,DXC,,
3/9/2026,March,3,09,2026,Week 3,Databricks,prod-gdo-fdh-workflow-qualtrics-silver,,,,,,Scheduled,Daily (9:00 AM),0:10:25,Success,Blazeclan,,
3/9/2026,March,3,09,2026,Week 3,Databricks,prod-gdo-fdh-workflow-okya,,Streaming,Okya,,Bronze,Scheduled,Hourly,0:10:42,Success,Blazeclan,,
3/9/2026,March,3,09,2026,Week 3,Databricks,prod-gdo-fdh-daily-workflow-tillster,,Batch,Tillster,,Bronze,Scheduled,Daily (10:23 AM),0:13:30,Success,Blazeclan,,
3/9/2026,March,3,09,2026,Week 3,Databricks,prod-gdo-fdh-grabfood-workflow,,,,,,Scheduled,Daily (10:30 AM),0:16:18,Success,TM,,
3/9/2026,March,3,09,2026,Week 3,Databricks,prod-gdo-fdh-workflow-foodpanda,,,,,,Scheduled,Daily (10:30 AM),0:14:53,Success,TM,,
3/9/2026,March,3,09,2026,Week 3,Databricks,prod-gdo-fdh-workflow-okya,,Streaming,Okya,,Bronze,Scheduled,Hourly,0:10:34,Success,Blazeclan,,
3/9/2026,March,3,09,2026,Week 3,Databricks,Daily Run - Freedompay,,,,,,Scheduled,Daily (10:00 AM),0:12:12,Success,GDO,,
3/9/2026,March,3,09,2026,Week 3,Databricks,prod-gdo-fdh-silver-okya-jb-user-address-job,,Batch,Okya,,Silver,Scheduled,Daily (11:30 AM),0:15:11,Success,TA,,
3/9/2026,March,3,09,2026,Week 3,Databricks,prod-gdo-fdh-silver-okya-jb-order-tender-job,,Batch,Okya,,Silver,Scheduled,Daily (11:30 AM),0:15:19,Success,TA,,
3/9/2026,March,3,09,2026,Week 3,Databricks,prod-gdo-fdh-silver-okya-jb-order-items-job,,Batch,Okya,,Silver,Scheduled,Daily (11:30 AM),0:18:29,Success,TA,,
3/9/2026,March,3,09,2026,Week 3,Databricks,prod-gdo-fdh-silver-okya-jb-order-staging-job,,Batch,Okya,,Silver,Scheduled,Daily (11:30 AM),0:20:58,Success,TA,,
3/9/2026,March,3,09,2026,Week 3,Databricks,prod-gdo-fdh-silver-okya-jb-customer-workflow,,Batch,Okya,,Silver,Scheduled,Daily (11:30 AM),0:18:55,Success,TA,,
3/9/2026,March,3,09,2026,Week 3,Databricks,prod-gdo-fdh-workflow-okya,,Streaming,Okya,,Bronze,Scheduled,Hourly,0:10:45,Success,Blazeclan,,
3/9/2026,March,3,09,2026,Week 3,Databricks,prod-gdo-fdh-silver-tillster-jb-order-staging-job,,Batch,Tillster,,Silver,Scheduled,Daily (12:00 PM),0:12:08,Success,TA,,
3/9/2026,March,3,09,2026,Week 3,Databricks,prod-gdo-fdh-silver-tillster-jb-customer-workflow,,Batch,Tillster,,Silver,Scheduled,Daily (12:00 PM),0:12:54,Success,TA,,
3/9/2026,March,3,09,2026,Week 3,Databricks,prod-gdo-fdh-silver-tillster-jb-order-tender-job,,Batch,Tillster,,Silver,Scheduled,Daily (12:00 PM),0:12:30,Success,TA,,
3/9/2026,March,3,09,2026,Week 3,Databricks,prod-gdo-fdh-silver-tillster-jb-order-items-job,,Batch,Tillster,,Silver,Scheduled,Daily (12:00 PM),0:10:59,Success,TA,,
3/9/2026,March,3,09,2026,Week 3,Databricks,prod-gdo-fdh-silver-okya-jb-deactivation-workflow,,Batch,Okya,,Silver,Scheduled,Daily (12:00 PM),0:42:17,Failed,TA,,
3/9/2026,March,3,09,2026,Week 3,Databricks,prod-gdo-fdh-gold-archive-tables-job,,Batch,"Tillster, Okya",,Gold,Scheduled,Daily (12:30 PM),0:13:24,Success,TA,,
3/9/2026,March,3,09,2026,Week 3,Databricks,prod-gdo-fdh-workflow-okya,,Streaming,Okya,,Bronze,Scheduled,Hourly,0:11:03,Success,Blazeclan,,
3/9/2026,March,3,09,2026,Week 3,Databricks,prod-gdo-fdh-workflow-okya,,Streaming,Okya,,Bronze,Scheduled,Hourly,0:10:38,Success,Blazeclan,,
3/9/2026,March,3,09,2026,Week 3,Databricks,prod-gdo-fdh-workflow-okya,,Streaming,Okya,,Bronze,Scheduled,Hourly,0:10:31,Success,Blazeclan,,
3/9/2026,March,3,09,2026,Week 3,Databricks,prod-gdo-fdh-workflow-okya,,Streaming,Okya,,Bronze,Scheduled,Hourly,0:10:39,Success,Blazeclan,,
3/9/2026,March,3,09,2026,Week 3,Databricks,prod-gdo-fdh-workflow-okya,,Streaming,Okya,,Bronze,Scheduled,Hourly,0:10:28,Success,Blazeclan,,
3/9/2026,March,3,09,2026,Week 3,Databricks,fdh_workflow_gemm_trademarketinggroup,,,,,,Scheduled,Daily (5:00 PM),0:11:01,Success,GDO,,
3/9/2026,March,3,09,2026,Week 3,Databricks,fdh-workflow-gemm_storevisitresponses,,,,,,Scheduled,Daily (5:00 PM),0:11:54,Success,GDO,,
3/9/2026,March,3,09,2026,Week 3,Databricks,prod-gdo-fdh-workflow-okya,,Streaming,Okya,,Bronze,Scheduled,Hourly,0:10:57,Success,Blazeclan,,
3/9/2026,March,3,09,2026,Week 3,Databricks,prod-gdo-fdh-workflow-okya,,Streaming,Okya,,Bronze,Scheduled,Hourly,0:10:41,Success,Blazeclan,,
3/9/2026,March,3,09,2026,Week 3,Databricks,prod-gdo-fdh-workflow-okya,,Streaming,Okya,,Bronze,Scheduled,Hourly,0:10:34,Success,Blazeclan,,
3/9/2026,March,3,09,2026,Week 3,Databricks,prod-gdo-fdh-workflow-okya,,Streaming,Okya,,Bronze,Scheduled,Hourly,0:10:46,Success,Blazeclan,,
3/9/2026,March,3,09,2026,Week 3,Databricks,prod-gdo-fdh-workflow-okya,,Streaming,Okya,,Bronze,Scheduled,Hourly,0:10:31,Success,Blazeclan,,
3/9/2026,March,3,09,2026,Week 3,Databricks,prod-gdo-fdh-workflow-okya,,Streaming,Okya,,Bronze,Scheduled,Hourly,0:29:57,Success,Blazeclan,,
3/9/2026,March,3,09,2026,Week 3,Databricks,prod-gdo-fdh-c360-pipeline,,Batch,"Tillster, Okya",,Gold,Scheduled,Weekly (Monday 2:00 PM),0:51:53,Failed,TA,,
3/10/2026,March,3,10,2026,Week 3,Databricks,prod-gdo-fdh-workflow-okya,,Streaming,Okya,,Bronze,Scheduled,Hourly,0:10:38,Success,Blazeclan,,
3/10/2026,March,3,10,2026,Week 3,Databricks,prod-gdo-fdh-workflow-digital-performance,,,,,,Scheduled,Daily (12:30 AM) ,0:17:11,Failed,TM,,
3/10/2026,March,3,10,2026,Week 3,Databricks,prod-gdo-fdh-workflow-okya,,Streaming,Okya,,Bronze,Scheduled,Hourly,0:10:36,Success,Blazeclan,,
3/10/2026,March,3,10,2026,Week 3,Databricks,prod-gdo-fdh-workflow-okya,,Streaming,Okya,,Bronze,Scheduled,Hourly,0:10:52,Success,Blazeclan,,
3/10/2026,March,3,10,2026,Week 3,Databricks,prod-gdo-fdh-workflow-braze,,,,,,Scheduled,Daily (2:00 AM),0:31:11,Success,TM,,
3/10/2026,March,3,10,2026,Week 3,Databricks,prod-gdo-fdh-workflow-qmai-bronze,,Streaming,QMAI,,Bronze,Scheduled,Daily (2:00 AM),0:16:03,Success,Blazeclan,,
3/10/2026,March,3,10,2026,Week 3,Databricks,prod-gdo-fdh-workflow-okya,,Streaming,Okya,,Bronze,Scheduled,Hourly,0:10:23,Success,Blazeclan,,
3/10/2026,March,3,10,2026,Week 3,Databricks,prod-gdo-fdh-workflow-qmai-silver-product_goods,,,,,,Scheduled,Daily (3:00 AM),0:08:51,Success,Blazeclan,,
3/10/2026,March,3,10,2026,Week 3,Databricks,prod-gdo-fdh-workflow-qmai-silver,,Batch,QMAI,,Silver,Scheduled,Daily (3:00 AM),0:10:56,Success,Blazeclan,,
3/10/2026,March,3,10,2026,Week 3,Databricks,prod-gdo-fdh-workflow-okya,,Streaming,Okya,,Bronze,Scheduled,Hourly,0:11:22,Success,Blazeclan,,
3/10/2026,March,3,10,2026,Week 3,Databricks,prod-gdo-fdh-workflow-okya,,Streaming,Okya,,Bronze,Scheduled,Hourly,0:10:46,Success,Blazeclan,,
3/10/2026,March,3,10,2026,Week 3,Databricks,prod-gdo-fdh-daily-workflow-ironman-rdbms,,,,,,Scheduled,Daily (5:30 AM),0:12:53,Success,Blazeclan,,
3/10/2026,March,3,10,2026,Week 3,Databricks,prod-gdo-fdh-workflow-okya,,Streaming,Okya,,Bronze,Scheduled,Hourly,0:10:42,Success,Blazeclan,,
3/10/2026,March,3,10,2026,Week 3,Databricks,prod-gdo-fdh-workflow-okya,,Streaming,Okya,,Bronze,Scheduled,Hourly,0:10:30,Success,Blazeclan,,
3/10/2026,March,3,10,2026,Week 3,Databricks,prod-gdo-fdh-workflow-okya-silver,,,,,,Scheduled,Daily (7:24 AM),0:12:39,Success,Blazeclan,,
3/10/2026,March,3,10,2026,Week 3,Databricks,prod-gdo-fdh-workflow-okya,,Streaming,Okya,,Bronze,Scheduled,Hourly,0:10:52,Success,Blazeclan,,
3/10/2026,March,3,10,2026,Week 3,Databricks,prod-gdo-fdh-daily-workflow-qualtrics-api,,,,,,Scheduled,Daily (8:23 AM),0:10:15,Success,Blazeclan,,
3/10/2026,March,3,10,2026,Week 3,Databricks,prod-gdo-fdh-daily-workflow-okya-api,,Batch,Okya,,Bronze,Scheduled,Daily (8:23 AM),0:23:08,Success,Blazeclan,,
3/10/2026,March,3,10,2026,Week 3,Databricks,prod-gdo-fdh-workflow-okya,,Streaming,Okya,,Bronze,Scheduled,Hourly,0:10:59,Success,Blazeclan,,
3/10/2026,March,3,10,2026,Week 3,Databricks,prod-gdo-fdh-workflow-ga-dtls-daily,,,,,,Scheduled,Daily (9:00 AM),0:11:08,Success,DXC,,
3/10/2026,March,3,10,2026,Week 3,Databricks,prod-gdo-fdh-workflow-ga-dtls-goal,,,,,,Scheduled,Daily (9:00 AM),0:11:36,Success,DXC,,
3/10/2026,March,3,10,2026,Week 3,Databricks,prod-gdo-fdh-workflow-qualtrics-silver,,,,,,Scheduled,Daily (9:00 AM),0:07:53,Success,Blazeclan,,
3/10/2026,March,3,10,2026,Week 3,Databricks,prod-gdo-fdh-workflow-okya,,Streaming,Okya,,Bronze,Scheduled,Hourly,0:08:59,Success,Blazeclan,,
3/10/2026,March,3,10,2026,Week 3,Databricks,prod-gdo-fdh-daily-workflow-tillster,,Batch,Tillster,,Bronze,Scheduled,Daily (10:23 AM),0:13:31,Success,Blazeclan,,
3/10/2026,March,3,10,2026,Week 3,Databricks,prod-gdo-fdh-grabfood-workflow,,,,,,Scheduled,Daily (10:30 AM),0:16:21,Success,TM,,
3/10/2026,March,3,10,2026,Week 3,Databricks,prod-gdo-fdh-workflow-foodpanda,,,,,,Scheduled,Daily (10:30 AM),0:14:52,Success,TM,,
3/10/2026,March,3,10,2026,Week 3,Databricks,prod-gdo-fdh-workflow-okya,,Streaming,Okya,,Bronze,Scheduled,Hourly,0:10:39,Success,Blazeclan,,
3/10/2026,March,3,10,2026,Week 3,Databricks,Daily Run - Freedompay,,,,,,Scheduled,Daily (10:00 AM),0:12:20,Success,GDO,,
3/10/2026,March,3,10,2026,Week 3,Databricks,prod-gdo-fdh-silver-okya-jb-user-address-job,,Batch,Okya,,Silver,Scheduled,Daily (11:30 AM),0:18:10,Success,TA,,
3/10/2026,March,3,10,2026,Week 3,Databricks,prod-gdo-fdh-silver-okya-jb-order-tender-job,,Batch,Okya,,Silver,Scheduled,Daily (11:30 AM),0:14:15,Success,TA,,
3/10/2026,March,3,10,2026,Week 3,Databricks,prod-gdo-fdh-silver-okya-jb-order-items-job,,Batch,Okya,,Silver,Scheduled,Daily (11:30 AM),0:16:05,Success,TA,,
3/10/2026,March,3,10,2026,Week 3,Databricks,prod-gdo-fdh-silver-okya-jb-order-staging-job,,Batch,Okya,,Silver,Scheduled,Daily (11:30 AM),0:19:09,Success,TA,,
3/10/2026,March,3,10,2026,Week 3,Databricks,prod-gdo-fdh-silver-okya-jb-customer-workflow,,Batch,Okya,,Silver,Scheduled,Daily (11:30 AM),0:19:34,Success,TA,,
3/10/2026,March,3,10,2026,Week 3,Databricks,prod-gdo-fdh-workflow-okya,,Streaming,Okya,,Bronze,Scheduled,Hourly,0:10:56,Success,Blazeclan,,
3/10/2026,March,3,10,2026,Week 3,Databricks,prod-gdo-fdh-silver-tillster-jb-order-staging-job,,Batch,Tillster,,Silver,Scheduled,Daily (12:00 PM),0:13:07,Success,TA,,
3/10/2026,March,3,10,2026,Week 3,Databricks,prod-gdo-fdh-silver-tillster-jb-customer-workflow,,Batch,Tillster,,Silver,Scheduled,Daily (12:00 PM),0:11:40,Success,TA,,
3/10/2026,March,3,10,2026,Week 3,Databricks,prod-gdo-fdh-silver-tillster-jb-order-tender-job,,Batch,Tillster,,Silver,Scheduled,Daily (12:00 PM),0:12:32,Success,TA,,
3/10/2026,March,3,10,2026,Week 3,Databricks,prod-gdo-fdh-silver-tillster-jb-order-items-job,,Batch,Tillster,,Silver,Scheduled,Daily (12:00 PM),0:11:05,Success,TA,,
3/10/2026,March,3,10,2026,Week 3,Databricks,prod-gdo-fdh-silver-okya-jb-deactivation-workflow,,Batch,Okya,,Silver,Scheduled,Daily (12:00 PM),0:36:19,Success,TA,,
3/10/2026,March,3,10,2026,Week 3,Databricks,prod-gdo-fdh-gold-archive-tables-job,,Batch,"Tillster, Okya",,Gold,Scheduled,Daily (12:30 PM),0:12:04,Success,TA,,
3/10/2026,March,3,10,2026,Week 3,Databricks,prod-gdo-fdh-workflow-okya,,Streaming,Okya,,Bronze,Scheduled,Hourly,0:10:46,Success,Blazeclan,,
3/10/2026,March,3,10,2026,Week 3,Databricks,prod-gdo-fdh-workflow-okya,,Streaming,Okya,,Bronze,Scheduled,Hourly,0:10:32,Success,Blazeclan,,
3/10/2026,March,3,10,2026,Week 3,Databricks,prod-gdo-fdh-workflow-okya,,Streaming,Okya,,Bronze,Scheduled,Hourly,0:10:41,Success,Blazeclan,,
3/10/2026,March,3,10,2026,Week 3,Databricks,prod-gdo-fdh-workflow-okya,,Streaming,Okya,,Bronze,Scheduled,Hourly,0:10:51,Success,Blazeclan,,
3/10/2026,March,3,10,2026,Week 3,Databricks,prod-gdo-fdh-workflow-okya,,Streaming,Okya,,Bronze,Scheduled,Hourly,0:11:11,Success,Blazeclan,,
3/10/2026,March,3,10,2026,Week 3,Databricks,fdh_workflow_gemm_trademarketinggroup,,,,,,Scheduled,Daily (5:00 PM),0:08:25,Failed,GDO,,
3/10/2026,March,3,10,2026,Week 3,Databricks,fdh-workflow-gemm_storevisitresponses,,,,,,Scheduled,Daily (5:00 PM),0:13:07,Success,GDO,,
3/10/2026,March,3,10,2026,Week 3,Databricks,prod-gdo-fdh-workflow-okya,,Streaming,Okya,,Bronze,Scheduled,Hourly,0:10:44,Success,Blazeclan,,
3/10/2026,March,3,10,2026,Week 3,Databricks,prod-gdo-fdh-workflow-okya,,Streaming,Okya,,Bronze,Scheduled,Hourly,0:10:40,Success,Blazeclan,,
3/10/2026,March,3,10,2026,Week 3,Databricks,prod-gdo-fdh-workflow-okya,,Streaming,Okya,,Bronze,Scheduled,Hourly,0:10:37,Success,Blazeclan,,
3/10/2026,March,3,10,2026,Week 3,Databricks,prod-gdo-fdh-workflow-okya,,Streaming,Okya,,Bronze,Scheduled,Hourly,0:10:41,Success,Blazeclan,,
3/10/2026,March,3,10,2026,Week 3,Databricks,prod-gdo-fdh-workflow-okya,,Streaming,Okya,,Bronze,Scheduled,Hourly,0:10:39,Success,Blazeclan,,
3/10/2026,March,3,10,2026,Week 3,Databricks,prod-gdo-fdh-workflow-okya,,Streaming,Okya,,Bronze,Scheduled,Hourly,0:10:45,Success,Blazeclan,,
3/11/2026,March,3,11,2026,Week 3,Databricks,prod-gdo-fdh-workflow-okya,,Streaming,Okya,,Bronze,Scheduled,Hourly,0:11:02,Success,Blazeclan,,
3/11/2026,March,3,11,2026,Week 3,Databricks,prod-gdo-fdh-workflow-digital-performance,,,,,,Scheduled,Daily (12:30 AM) ,0:17:11,Failed,TM,,
3/11/2026,March,3,11,2026,Week 3,Databricks,prod-gdo-fdh-workflow-okya,,Streaming,Okya,,Bronze,Scheduled,Hourly,0:10:49,Success,Blazeclan,,
3/11/2026,March,3,11,2026,Week 3,Databricks,prod-gdo-fdh-workflow-okya,,Streaming,Okya,,Bronze,Scheduled,Hourly,0:10:46,Success,Blazeclan,,
3/11/2026,March,3,11,2026,Week 3,Databricks,prod-gdo-fdh-workflow-braze,,,,,,Scheduled,Daily (2:00 AM),0:19:49,Success,TM,,
3/11/2026,March,3,11,2026,Week 3,Databricks,prod-gdo-fdh-workflow-qmai-bronze,,Streaming,QMAI,,Bronze,Scheduled,Daily (2:00 AM),0:25:46,Failed,Blazeclan,,
3/11/2026,March,3,11,2026,Week 3,Databricks,prod-gdo-fdh-workflow-okya,,Streaming,Okya,,Bronze,Scheduled,Hourly,0:10:49,Success,Blazeclan,,
3/11/2026,March,3,11,2026,Week 3,Databricks,prod-gdo-fdh-workflow-qmai-silver-product_goods,,,,,,Scheduled,Daily (3:00 AM),0:08:46,Success,Blazeclan,,
3/11/2026,March,3,11,2026,Week 3,Databricks,prod-gdo-fdh-workflow-qmai-silver,,Batch,QMAI,,Silver,Scheduled,Daily (3:00 AM),0:08:28,Success,Blazeclan,,
3/11/2026,March,3,11,2026,Week 3,Databricks,prod-gdo-fdh-workflow-okya,,Streaming,Okya,,Bronze,Scheduled,Hourly,0:11:23,Success,Blazeclan,,
3/11/2026,March,3,11,2026,Week 3,Databricks,prod-gdo-fdh-workflow-okya,,Streaming,Okya,,Bronze,Scheduled,Hourly,0:10:56,Success,Blazeclan,,
3/11/2026,March,3,11,2026,Week 3,Databricks,prod-gdo-fdh-daily-workflow-ironman-rdbms,,,,,,Scheduled,Daily (5:30 AM),0:13:03,Success,Blazeclan,,
3/11/2026,March,3,11,2026,Week 3,Databricks,prod-gdo-fdh-workflow-okya,,Streaming,Okya,,Bronze,Scheduled,Hourly,0:11:09,Success,Blazeclan,,
3/11/2026,March,3,11,2026,Week 3,Databricks,prod-gdo-fdh-workflow-okya,,Streaming,Okya,,Bronze,Scheduled,Hourly,0:10:49,Success,Blazeclan,,
3/11/2026,March,3,11,2026,Week 3,Databricks,prod-gdo-fdh-workflow-okya-silver,,,,,,Scheduled,Daily (7:24 AM),0:11:07,Success,Blazeclan,,
3/11/2026,March,3,11,2026,Week 3,Databricks,prod-gdo-fdh-workflow-okya,,Streaming,Okya,,Bronze,Scheduled,Hourly,0:11:07,Success,Blazeclan,,
3/11/2026,March,3,11,2026,Week 3,Databricks,prod-gdo-fdh-daily-workflow-qualtrics-api,,,,,,Scheduled,Daily (8:23 AM),0:10:07,Failed,Blazeclan,,
3/11/2026,March,3,11,2026,Week 3,Databricks,prod-gdo-fdh-daily-workflow-okya-api,,Batch,Okya,,Bronze,Scheduled,Daily (8:23 AM),0:23:38,Success,Blazeclan,,
3/11/2026,March,3,11,2026,Week 3,Databricks,prod-gdo-fdh-workflow-okya,,Streaming,Okya,,Bronze,Scheduled,Hourly,0:10:49,Success,Blazeclan,,
3/11/2026,March,3,11,2026,Week 3,Databricks,prod-gdo-fdh-workflow-ga-dtls-daily,,,,,,Scheduled,Daily (9:00 AM),0:11:00,Success,DXC,,
3/11/2026,March,3,11,2026,Week 3,Databricks,prod-gdo-fdh-workflow-ga-dtls-goal,,,,,,Scheduled,Daily (9:00 AM),0:11:26,Success,DXC,,
3/11/2026,March,3,11,2026,Week 3,Databricks,prod-gdo-fdh-workflow-qualtrics-silver,,,,,,Scheduled,Daily (9:00 AM),0:11:04,Success,Blazeclan,,
3/11/2026,March,3,11,2026,Week 3,Databricks,prod-gdo-fdh-workflow-okya,,Streaming,Okya,,Bronze,Scheduled,Hourly,0:11:06,Success,Blazeclan,,
3/11/2026,March,3,11,2026,Week 3,Databricks,prod-gdo-fdh-daily-workflow-tillster,,Batch,Tillster,,Bronze,Scheduled,Daily (10:23 AM),0:14:03,Success,Blazeclan,,
3/11/2026,March,3,11,2026,Week 3,Databricks,prod-gdo-fdh-grabfood-workflow,,,,,,Scheduled,Daily (10:30 AM),0:16:41,Success,TM,,
3/11/2026,March,3,11,2026,Week 3,Databricks,prod-gdo-fdh-workflow-foodpanda,,,,,,Scheduled,Daily (10:30 AM),0:15:59,Success,TM,,
3/11/2026,March,3,11,2026,Week 3,Databricks,prod-gdo-fdh-workflow-okya,,Streaming,Okya,,Bronze,Scheduled,Hourly,0:10:48,Success,Blazeclan,,
3/11/2026,March,3,11,2026,Week 3,Databricks,Daily Run - Freedompay,,,,,,Scheduled,Daily (10:00 AM),0:12:17,Success,GDO,,
3/11/2026,March,3,11,2026,Week 3,Databricks,prod-gdo-fdh-silver-okya-jb-user-address-job,,Batch,Okya,,Silver,Scheduled,Daily (11:30 AM),0:17:03,Success,TA,,
3/11/2026,March,3,11,2026,Week 3,Databricks,prod-gdo-fdh-silver-okya-jb-order-tender-job,,Batch,Okya,,Silver,Scheduled,Daily (11:30 AM),0:14:51,Success,TA,,
3/11/2026,March,3,11,2026,Week 3,Databricks,prod-gdo-fdh-silver-okya-jb-order-items-job,,Batch,Okya,,Silver,Scheduled,Daily (11:30 AM),0:18:28,Success,TA,,
3/11/2026,March,3,11,2026,Week 3,Databricks,prod-gdo-fdh-silver-okya-jb-order-staging-job,,Batch,Okya,,Silver,Scheduled,Daily (11:30 AM),0:21:08,Success,TA,,
3/11/2026,March,3,11,2026,Week 3,Databricks,prod-gdo-fdh-silver-okya-jb-customer-workflow,,Batch,Okya,,Silver,Scheduled,Daily (11:30 AM),0:20:49,Success,TA,,
3/11/2026,March,3,11,2026,Week 3,Databricks,prod-gdo-fdh-workflow-okya,,Streaming,Okya,,Bronze,Scheduled,Hourly,0:10:55,Success,Blazeclan,,
3/11/2026,March,3,11,2026,Week 3,Databricks,prod-gdo-fdh-silver-tillster-jb-order-staging-job,,Batch,Tillster,,Silver,Scheduled,Daily (12:00 PM),0:12:11,Success,TA,,
3/11/2026,March,3,11,2026,Week 3,Databricks,prod-gdo-fdh-silver-tillster-jb-customer-workflow,,Batch,Tillster,,Silver,Scheduled,Daily (12:00 PM),0:14:01,Success,TA,,
3/11/2026,March,3,11,2026,Week 3,Databricks,prod-gdo-fdh-silver-tillster-jb-order-tender-job,,Batch,Tillster,,Silver,Scheduled,Daily (12:00 PM),0:12:33,Success,TA,,
3/11/2026,March,3,11,2026,Week 3,Databricks,prod-gdo-fdh-silver-tillster-jb-order-items-job,,Batch,Tillster,,Silver,Scheduled,Daily (12:00 PM),0:12:53,Success,TA,,
3/11/2026,March,3,11,2026,Week 3,Databricks,prod-gdo-fdh-silver-okya-jb-deactivation-workflow,,Batch,Okya,,Silver,Scheduled,Daily (12:00 PM),0:32:35,Success,TA,,
3/11/2026,March,3,11,2026,Week 3,Databricks,prod-gdo-fdh-gold-archive-tables-job,,Batch,"Tillster, Okya",,Gold,Scheduled,Daily (12:30 PM),0:11:59,Success,TA,,
3/11/2026,March,3,11,2026,Week 3,Databricks,prod-gdo-fdh-workflow-okya,,Streaming,Okya,,Bronze,Scheduled,Hourly,0:11:07,Success,Blazeclan,,
3/11/2026,March,3,11,2026,Week 3,Databricks,prod-gdo-fdh-workflow-okya,,Streaming,Okya,,Bronze,Scheduled,Hourly,0:09:06,Success,Blazeclan,,
3/11/2026,March,3,11,2026,Week 3,Databricks,prod-gdo-fdh-workflow-okya,,Streaming,Okya,,Bronze,Scheduled,Hourly,0:10:43,Success,Blazeclan,,
3/11/2026,March,3,11,2026,Week 3,Databricks,prod-gdo-fdh-workflow-okya,,Streaming,Okya,,Bronze,Scheduled,Hourly,0:11:17,Success,Blazeclan,,
3/11/2026,March,3,11,2026,Week 3,Databricks,prod-gdo-fdh-workflow-okya,,Streaming,Okya,,Bronze,Scheduled,Hourly,0:08:50,Success,Blazeclan,,
3/11/2026,March,3,11,2026,Week 3,Databricks,fdh_workflow_gemm_trademarketinggroup,,,,,,Scheduled,Daily (5:00 PM),0:13:35,Success,GDO,,
3/11/2026,March,3,11,2026,Week 3,Databricks,fdh-workflow-gemm_storevisitresponses,,,,,,Scheduled,Daily (5:00 PM),0:14:35,Success,GDO,,
3/11/2026,March,3,11,2026,Week 3,Databricks,prod-gdo-fdh-workflow-okya,,Streaming,Okya,,Bronze,Scheduled,Hourly,0:12:46,Success,Blazeclan,,
3/11/2026,March,3,11,2026,Week 3,Databricks,prod-gdo-fdh-workflow-okya,,Streaming,Okya,,Bronze,Scheduled,Hourly,0:11:44,Success,Blazeclan,,
3/11/2026,March,3,11,2026,Week 3,Databricks,prod-gdo-fdh-workflow-okya,,Streaming,Okya,,Bronze,Scheduled,Hourly,0:10:58,Success,Blazeclan,,
3/11/2026,March,3,11,2026,Week 3,Databricks,prod-gdo-fdh-workflow-okya,,Streaming,Okya,,Bronze,Scheduled,Hourly,0:10:57,Success,Blazeclan,,
3/11/2026,March,3,11,2026,Week 3,Databricks,prod-gdo-fdh-workflow-okya,,Streaming,Okya,,Bronze,Scheduled,Hourly,0:10:46,Success,Blazeclan,,
3/11/2026,March,3,11,2026,Week 3,Databricks,prod-gdo-fdh-workflow-okya,,Streaming,Okya,,Bronze,Scheduled,Hourly,0:11:15,Success,Blazeclan,,
3/12/2026,March,3,12,2026,Week 3,Databricks,prod-gdo-fdh-workflow-digital-performance,,,,,,Scheduled,Daily (12:30 AM) ,1:39:39,Success,TM,,
3/12/2026,March,3,12,2026,Week 3,Databricks,prod-gdo-fdh-workflow-okya,,Streaming,Okya,,Bronze,Scheduled,Hourly,0:10:54,Success,Blazeclan,,
3/12/2026,March,3,12,2026,Week 3,Databricks,prod-gdo-fdh-workflow-okya,,Streaming,Okya,,Bronze,Scheduled,Hourly,0:10:41,Success,Blazeclan,,
3/12/2026,March,3,12,2026,Week 3,Databricks,prod-gdo-fdh-workflow-braze,,,,,,Scheduled,Daily (2:00 AM),0:21:11,Success,TM,,
3/12/2026,March,3,12,2026,Week 3,Databricks,prod-gdo-fdh-workflow-qmai-bronze,,Streaming,QMAI,,Bronze,Scheduled,Daily (2:00 AM),,,Blazeclan,,
3/12/2026,March,3,12,2026,Week 3,Databricks,prod-gdo-fdh-workflow-okya,,Streaming,Okya,,Bronze,Scheduled,Hourly,0:11:00,Success,Blazeclan,,
3/12/2026,March,3,12,2026,Week 3,Databricks,prod-gdo-fdh-workflow-qmai-silver-product_goods,,,,,,Scheduled,Daily (3:00 AM),0:08:54,Success,Blazeclan,,
3/12/2026,March,3,12,2026,Week 3,Databricks,prod-gdo-fdh-workflow-qmai-silver,,Batch,QMAI,,Silver,Scheduled,Daily (3:00 AM),0:08:42,Failed,Blazeclan,,
3/12/2026,March,3,12,2026,Week 3,Databricks,prod-gdo-fdh-workflow-okya,,Streaming,Okya,,Bronze,Scheduled,Hourly,0:10:35,Success,Blazeclan,,
3/12/2026,March,3,12,2026,Week 3,Databricks,prod-gdo-fdh-workflow-okya,,Streaming,Okya,,Bronze,Scheduled,Hourly,0:10:59,Success,Blazeclan,,
3/12/2026,March,3,12,2026,Week 3,Databricks,prod-gdo-fdh-daily-workflow-ironman-rdbms,,,,,,Scheduled,Daily (5:30 AM),0:12:23,Success,Blazeclan,,
3/12/2026,March,3,12,2026,Week 3,Databricks,prod-gdo-fdh-workflow-okya,,Streaming,Okya,,Bronze,Scheduled,Hourly,0:11:05,Success,Blazeclan,,
3/12/2026,March,3,12,2026,Week 3,Databricks,prod-gdo-fdh-workflow-okya,,Streaming,Okya,,Bronze,Scheduled,Hourly,0:11:11,Success,Blazeclan,,
3/12/2026,March,3,12,2026,Week 3,Databricks,prod-gdo-fdh-workflow-okya-silver,,,,,,Scheduled,Daily (7:24 AM),0:12:53,Success,Blazeclan,,
3/12/2026,March,3,12,2026,Week 3,Databricks,prod-gdo-fdh-workflow-okya,,Streaming,Okya,,Bronze,Scheduled,Hourly,0:10:57,Success,Blazeclan,,
3/12/2026,March,3,12,2026,Week 3,Databricks,prod-gdo-fdh-daily-workflow-qualtrics-api,,,,,,Scheduled,Daily (8:23 AM),0:13:53,Success,Blazeclan,,
3/12/2026,March,3,12,2026,Week 3,Databricks,prod-gdo-fdh-daily-workflow-okya-api,,Batch,Okya,,Bronze,Scheduled,Daily (8:23 AM),0:23:34,Success,Blazeclan,,
3/12/2026,March,3,12,2026,Week 3,Databricks,prod-gdo-fdh-workflow-okya,,Streaming,Okya,,Bronze,Scheduled,Hourly,0:11:02,Success,Blazeclan,,
3/12/2026,March,3,12,2026,Week 3,Databricks,prod-gdo-fdh-workflow-ga-dtls-daily,,,,,,Scheduled,Daily (9:00 AM),0:11:18,Success,DXC,,
3/12/2026,March,3,12,2026,Week 3,Databricks,prod-gdo-fdh-workflow-ga-dtls-goal,,,,,,Scheduled,Daily (9:00 AM),0:11:19,Success,DXC,,
3/12/2026,March,3,12,2026,Week 3,Databricks,prod-gdo-fdh-workflow-qualtrics-silver,,,,,,Scheduled,Daily (9:00 AM),0:11:58,Success,Blazeclan,,
3/12/2026,March,3,12,2026,Week 3,Databricks,prod-gdo-fdh-workflow-okya,,Streaming,Okya,,Bronze,Scheduled,Hourly,0:10:57,Success,Blazeclan,,
3/12/2026,March,3,12,2026,Week 3,Databricks,prod-gdo-fdh-daily-workflow-tillster,,Batch,Tillster,,Bronze,Scheduled,Daily (10:23 AM),0:13:40,Success,Blazeclan,,
3/12/2026,March,3,12,2026,Week 3,Databricks,prod-gdo-fdh-grabfood-workflow,,,,,,Scheduled,Daily (10:30 AM),0:16:15,Success,TM,,
3/12/2026,March,3,12,2026,Week 3,Databricks,prod-gdo-fdh-workflow-foodpanda,,,,,,Scheduled,Daily (10:30 AM),0:16:02,Success,TM,,
3/12/2026,March,3,12,2026,Week 3,Databricks,prod-gdo-fdh-workflow-okya,,Streaming,Okya,,Bronze,Scheduled,Hourly,0:10:54,Success,Blazeclan,,
3/12/2026,March,3,12,2026,Week 3,Databricks,Daily Run - Freedompay,,,,,,Scheduled,Daily (10:00 AM),0:12:00,Success,GDO,,
3/12/2026,March,3,12,2026,Week 3,Databricks,prod-gdo-fdh-silver-okya-jb-user-address-job,,Batch,Okya,,Silver,Scheduled,Daily (11:30 AM),0:16:25,Success,TA,,
3/12/2026,March,3,12,2026,Week 3,Databricks,prod-gdo-fdh-silver-okya-jb-order-tender-job,,Batch,Okya,,Silver,Scheduled,Daily (11:30 AM),0:15:34,Success,TA,,
3/12/2026,March,3,12,2026,Week 3,Databricks,prod-gdo-fdh-silver-okya-jb-order-items-job,,Batch,Okya,,Silver,Scheduled,Daily (11:30 AM),0:18:05,Success,TA,,
3/12/2026,March,3,12,2026,Week 3,Databricks,prod-gdo-fdh-silver-okya-jb-order-staging-job,,Batch,Okya,,Silver,Scheduled,Daily (11:30 AM),0:20:15,Success,TA,,
3/12/2026,March,3,12,2026,Week 3,Databricks,prod-gdo-fdh-silver-okya-jb-customer-workflow,,Batch,Okya,,Silver,Scheduled,Daily (11:30 AM),0:20:12,Success,TA,,
3/12/2026,March,3,12,2026,Week 3,Databricks,prod-gdo-fdh-workflow-okya,,Streaming,Okya,,Bronze,Scheduled,Hourly,0:11:08,Success,Blazeclan,,
3/12/2026,March,3,12,2026,Week 3,Databricks,prod-gdo-fdh-silver-tillster-jb-order-staging-job,,Batch,Tillster,,Silver,Scheduled,Daily (12:00 PM),0:13:34,Success,TA,,
3/12/2026,March,3,12,2026,Week 3,Databricks,prod-gdo-fdh-silver-tillster-jb-customer-workflow,,Batch,Tillster,,Silver,Scheduled,Daily (12:00 PM),0:12:35,Success,TA,,
3/12/2026,March,3,12,2026,Week 3,Databricks,prod-gdo-fdh-silver-tillster-jb-order-tender-job,,Batch,Tillster,,Silver,Scheduled,Daily (12:00 PM),0:12:10,Success,TA,,
3/12/2026,March,3,12,2026,Week 3,Databricks,prod-gdo-fdh-silver-tillster-jb-order-items-job,,Batch,Tillster,,Silver,Scheduled,Daily (12:00 PM),0:11:14,Success,TA,,
3/12/2026,March,3,12,2026,Week 3,Databricks,prod-gdo-fdh-silver-okya-jb-deactivation-workflow,,Batch,Okya,,Silver,Scheduled,Daily (12:00 PM),0:37:11,Failed,TA,,
3/12/2026,March,3,12,2026,Week 3,Databricks,prod-gdo-fdh-gold-archive-tables-job,,Batch,"Tillster, Okya",,Gold,Scheduled,Daily (12:30 PM),0:13:11,Success,TA,,
3/12/2026,March,3,12,2026,Week 3,Databricks,prod-gdo-fdh-workflow-okya,,Streaming,Okya,,Bronze,Scheduled,Hourly,0:10:58,Success,Blazeclan,,
3/12/2026,March,3,12,2026,Week 3,Databricks,prod-gdo-fdh-workflow-okya,,Streaming,Okya,,Bronze,Scheduled,Hourly,0:12:06,Success,Blazeclan,,
3/12/2026,March,3,12,2026,Week 3,Databricks,prod-gdo-fdh-workflow-okya,,Streaming,Okya,,Bronze,Scheduled,Hourly,0:11:00,Success,Blazeclan,,
3/12/2026,March,3,12,2026,Week 3,Databricks,prod-gdo-fdh-workflow-okya,,Streaming,Okya,,Bronze,Scheduled,Hourly,0:10:45,Success,Blazeclan,,
3/12/2026,March,3,12,2026,Week 3,Databricks,prod-gdo-fdh-workflow-okya,,Streaming,Okya,,Bronze,Scheduled,Hourly,0:11:45,Success,Blazeclan,,
3/12/2026,March,3,12,2026,Week 3,Databricks,fdh_workflow_gemm_trademarketinggroup,,,,,,Scheduled,Daily (5:00 PM),0:11:26,Success,GDO,,
3/12/2026,March,3,12,2026,Week 3,Databricks,fdh-workflow-gemm_storevisitresponses,,,,,,Scheduled,Daily (5:00 PM),0:08:51,Failed,GDO,,
3/12/2026,March,3,12,2026,Week 3,Databricks,prod-gdo-fdh-workflow-okya,,Streaming,Okya,,Bronze,Scheduled,Hourly,0:10:57,Success,Blazeclan,,
3/12/2026,March,3,12,2026,Week 3,Databricks,prod-gdo-fdh-workflow-okya,,Streaming,Okya,,Bronze,Scheduled,Hourly,0:10:57,Success,Blazeclan,,
3/12/2026,March,3,12,2026,Week 3,Databricks,prod-gdo-fdh-workflow-okya,,Streaming,Okya,,Bronze,Scheduled,Hourly,0:11:00,Success,Blazeclan,,
3/12/2026,March,3,12,2026,Week 3,Databricks,prod-gdo-fdh-workflow-okya,,Streaming,Okya,,Bronze,Scheduled,Hourly,0:11:06,Success,Blazeclan,,
3/12/2026,March,3,12,2026,Week 3,Databricks,prod-gdo-fdh-workflow-okya,,Streaming,Okya,,Bronze,Scheduled,Hourly,0:10:30,Success,Blazeclan,,
3/12/2026,March,3,12,2026,Week 3,Databricks,prod-gdo-fdh-workflow-okya,,Streaming,Okya,,Bronze,Scheduled,Hourly,0:10:50,Success,Blazeclan,,
3/12/2026,March,3,12,2026,Week 3,Databricks,fdh_workflow_gemm_trademarketinggroup,,,,,,Manual Re-run,Daily (5:00 PM),0:10:36,Failed,GDO,,
3/12/2026,March,3,12,2026,Week 3,Databricks,fdh_workflow_gemm_trademarketinggroup,,,,,,Manual Re-run,Daily (5:00 PM),0:01:51,Failed,GDO,,
3/12/2026,March,3,12,2026,Week 3,Databricks,fdh_workflow_gemm_trademarketinggroup,,,,,,Manual Re-run,Daily (5:00 PM),0:04:12,Success,GDO,"Success, but failed in data validation. ",
3/12/2026,March,3,12,2026,Week 3,Databricks,fdh_workflow_gemm_trademarketinggroup,,,,,,Manual Re-run,Daily (5:00 PM),0:08:56,Failed,GDO,,
3/12/2026,March,3,12,2026,Week 3,Databricks,fdh_workflow_gemm_trademarketinggroup,,,,,,Manual Re-run,Daily (5:00 PM),0:00:55,Failed,GDO,,
3/12/2026,March,3,12,2026,Week 3,Databricks,fdh_workflow_gemm_trademarketinggroup,,,,,,Manual Re-run,Daily (5:00 PM),0:03:50,Success,GDO,,
3/13/2026,March,3,13,2026,Week 3,Databricks,prod-gdo-fdh-workflow-okya,,Streaming,Okya,,Bronze,Scheduled,Hourly,0:11:01,Success,Blazeclan,,
3/13/2026,March,3,13,2026,Week 3,Databricks,prod-gdo-fdh-workflow-digital-performance,,,,,,Scheduled,Daily (12:30 AM) ,1:35:46,Success,TM,,
3/13/2026,March,3,13,2026,Week 3,Databricks,prod-gdo-fdh-workflow-okya,,Streaming,Okya,,Bronze,Scheduled,Hourly,0:10:54,Success,Blazeclan,,
3/13/2026,March,3,13,2026,Week 3,Databricks,prod-gdo-fdh-workflow-okya,,Streaming,Okya,,Bronze,Scheduled,Hourly,0:10:31,Success,Blazeclan,,
3/13/2026,March,3,13,2026,Week 3,Databricks,prod-gdo-fdh-workflow-braze,,,,,,Scheduled,Daily (2:00 AM),0:20:27,Success,TM,,
3/13/2026,March,3,13,2026,Week 3,Databricks,prod-gdo-fdh-workflow-qmai-bronze,,Streaming,QMAI,,Bronze,Scheduled,Daily (2:00 AM),,Skipped,Blazeclan,Stop running since March 11,
3/13/2026,March,3,13,2026,Week 3,Databricks,prod-gdo-fdh-workflow-okya,,Streaming,Okya,,Bronze,Scheduled,Hourly,0:10:59,Success,Blazeclan,,
3/13/2026,March,3,13,2026,Week 3,Databricks,prod-gdo-fdh-workflow-qmai-silver-product_goods,,,,,,Scheduled,Daily (3:00 AM),0:08:53,Success,Blazeclan,,
3/13/2026,March,3,13,2026,Week 3,Databricks,prod-gdo-fdh-workflow-qmai-silver,,Batch,QMAI,,Silver,Scheduled,Daily (3:00 AM),0:08:42,Failed,Blazeclan,,
3/13/2026,March,3,13,2026,Week 3,Databricks,prod-gdo-fdh-workflow-okya,,Streaming,Okya,,Bronze,Scheduled,Hourly,0:10:41,Success,Blazeclan,,
3/13/2026,March,3,13,2026,Week 3,Databricks,prod-gdo-fdh-workflow-okya,,Streaming,Okya,,Bronze,Scheduled,Hourly,0:11:10,Success,Blazeclan,,
3/13/2026,March,3,13,2026,Week 3,Databricks,prod-gdo-fdh-daily-workflow-ironman-rdbms,,,,,,Scheduled,Daily (5:30 AM),0:13:12,Success,Blazeclan,,
3/13/2026,March,3,13,2026,Week 3,Databricks,prod-gdo-fdh-workflow-okya,,Streaming,Okya,,Bronze,Scheduled,Hourly,0:11:18,Success,Blazeclan,,
3/13/2026,March,3,13,2026,Week 3,Databricks,prod-gdo-fdh-workflow-okya,,Streaming,Okya,,Bronze,Scheduled,Hourly,0:10:50,Success,Blazeclan,,
3/13/2026,March,3,13,2026,Week 3,Databricks,prod-gdo-fdh-workflow-okya-silver,,,,,,Scheduled,Daily (7:24 AM),0:13:08,Success,Blazeclan,,
3/13/2026,March,3,13,2026,Week 3,Databricks,prod-gdo-fdh-workflow-okya,,Streaming,Okya,,Bronze,Scheduled,Hourly,0:10:58,Success,Blazeclan,,
3/13/2026,March,3,13,2026,Week 3,Databricks,prod-gdo-fdh-daily-workflow-qualtrics-api,,,,,,Scheduled,Daily (8:23 AM),0:13:42,Success,Blazeclan,,
3/13/2026,March,3,13,2026,Week 3,Databricks,prod-gdo-fdh-daily-workflow-okya-api,,Batch,Okya,,Bronze,Scheduled,Daily (8:23 AM),0:23:17,Success,Blazeclan,,
3/13/2026,March,3,13,2026,Week 3,Databricks,prod-gdo-fdh-workflow-okya,,Streaming,Okya,,Bronze,Scheduled,Hourly,0:10:45,Success,Blazeclan,,
3/13/2026,March,3,13,2026,Week 3,Databricks,prod-gdo-fdh-workflow-ga-dtls-daily,,,,,,Scheduled,Daily (9:00 AM),0:11:22,Success,DXC,,
3/13/2026,March,3,13,2026,Week 3,Databricks,prod-gdo-fdh-workflow-ga-dtls-goal,,,,,,Scheduled,Daily (9:00 AM),0:11:15,Success,DXC,,
3/13/2026,March,3,13,2026,Week 3,Databricks,prod-gdo-fdh-workflow-qualtrics-silver,,,,,,Scheduled,Daily (9:00 AM),0:09:02,Success,Blazeclan,,
3/13/2026,March,3,13,2026,Week 3,Databricks,prod-gdo-fdh-workflow-okya,,Streaming,Okya,,Bronze,Scheduled,Hourly,0:11:18,Success,Blazeclan,,
3/13/2026,March,3,13,2026,Week 3,Databricks,prod-gdo-fdh-daily-workflow-tillster,,Batch,Tillster,,Bronze,Scheduled,Daily (10:23 AM),0:13:34,Success,Blazeclan,,
3/13/2026,March,3,13,2026,Week 3,Databricks,prod-gdo-fdh-grabfood-workflow,,,,,,Scheduled,Daily (10:30 AM),0:17:06,Success,TM,,
3/13/2026,March,3,13,2026,Week 3,Databricks,prod-gdo-fdh-workflow-foodpanda,,,,,,Scheduled,Daily (10:30 AM),0:16:03,Success,TM,,
3/13/2026,March,3,13,2026,Week 3,Databricks,prod-gdo-fdh-workflow-okya,,Streaming,Okya,,Bronze,Scheduled,Hourly,0:11:35,Success,Blazeclan,,
3/13/2026,March,3,13,2026,Week 3,Databricks,Daily Run - Freedompay,,,,,,Scheduled,Daily (10:00 AM),0:12:52,Success,GDO,,
3/13/2026,March,3,13,2026,Week 3,Databricks,prod-gdo-fdh-silver-okya-jb-user-address-job,,Batch,Okya,,Silver,Scheduled,Daily (11:30 AM),0:17:24,Success,TA,,
3/13/2026,March,3,13,2026,Week 3,Databricks,prod-gdo-fdh-silver-okya-jb-order-tender-job,,Batch,Okya,,Silver,Scheduled,Daily (11:30 AM),0:14:52,Success,TA,,
3/13/2026,March,3,13,2026,Week 3,Databricks,prod-gdo-fdh-silver-okya-jb-order-items-job,,Batch,Okya,,Silver,Scheduled,Daily (11:30 AM),0:17:41,Success,TA,,
3/13/2026,March,3,13,2026,Week 3,Databricks,prod-gdo-fdh-silver-okya-jb-order-staging-job,,Batch,Okya,,Silver,Scheduled,Daily (11:30 AM),0:23:06,Success,TA,,
3/13/2026,March,3,13,2026,Week 3,Databricks,prod-gdo-fdh-silver-okya-jb-customer-workflow,,Batch,Okya,,Silver,Scheduled,Daily (11:30 AM),0:20:42,Success,TA,,
3/13/2026,March,3,13,2026,Week 3,Databricks,prod-gdo-fdh-workflow-okya,,Streaming,Okya,,Bronze,Scheduled,Hourly,0:10:48,Success,Blazeclan,,
3/13/2026,March,3,13,2026,Week 3,Databricks,prod-gdo-fdh-silver-tillster-jb-order-staging-job,,Batch,Tillster,,Silver,Scheduled,Daily (12:00 PM),0:11:02,Success,TA,,
3/13/2026,March,3,13,2026,Week 3,Databricks,prod-gdo-fdh-silver-tillster-jb-customer-workflow,,Batch,Tillster,,Silver,Scheduled,Daily (12:00 PM),0:14:45,Success,TA,,
3/13/2026,March,3,13,2026,Week 3,Databricks,prod-gdo-fdh-silver-tillster-jb-order-tender-job,,Batch,Tillster,,Silver,Scheduled,Daily (12:00 PM),0:10:33,Success,TA,,
3/13/2026,March,3,13,2026,Week 3,Databricks,prod-gdo-fdh-silver-tillster-jb-order-items-job,,Batch,Tillster,,Silver,Scheduled,Daily (12:00 PM),0:11:09,Success,TA,,
3/13/2026,March,3,13,2026,Week 3,Databricks,prod-gdo-fdh-silver-okya-jb-deactivation-workflow,,Batch,Okya,,Silver,Scheduled,Daily (12:00 PM),0:42:06,Failed,TA,,
3/13/2026,March,3,13,2026,Week 3,Databricks,prod-gdo-fdh-gold-archive-tables-job,,Batch,"Tillster, Okya",,Gold,Scheduled,Daily (12:30 PM),0:13:22,Success,TA,,
3/13/2026,March,3,13,2026,Week 3,Databricks,prod-gdo-fdh-workflow-okya,,Streaming,Okya,,Bronze,Scheduled,Hourly,0:11:27,Success,Blazeclan,,
3/13/2026,March,3,13,2026,Week 3,Databricks,prod-gdo-fdh-workflow-okya,,Streaming,Okya,,Bronze,Scheduled,Hourly,0:11:21,Success,Blazeclan,,
3/13/2026,March,3,13,2026,Week 3,Databricks,prod-gdo-fdh-workflow-okya,,Streaming,Okya,,Bronze,Scheduled,Hourly,0:10:58,Success,Blazeclan,,
3/13/2026,March,3,13,2026,Week 3,Databricks,prod-gdo-fdh-workflow-okya,,Streaming,Okya,,Bronze,Scheduled,Hourly,0:10:30,Success,Blazeclan,,
3/13/2026,March,3,13,2026,Week 3,Databricks,prod-gdo-fdh-workflow-okya,,Streaming,Okya,,Bronze,Scheduled,Hourly,0:11:10,Success,Blazeclan,,
3/13/2026,March,3,13,2026,Week 3,Databricks,fdh_workflow_gemm_trademarketinggroup,,,,,,Scheduled,Daily (5:00 PM),0:11:53,Success,GDO,,
3/13/2026,March,3,13,2026,Week 3,Databricks,fdh-workflow-gemm_storevisitresponses,,,,,,Scheduled,Daily (5:00 PM),0:13:18,Success,GDO,,
3/13/2026,March,3,13,2026,Week 3,Databricks,prod-gdo-fdh-workflow-okya,,Streaming,Okya,,Bronze,Scheduled,Hourly,0:11:02,Success,Blazeclan,,
3/13/2026,March,3,13,2026,Week 3,Databricks,prod-gdo-fdh-workflow-okya,,Streaming,Okya,,Bronze,Scheduled,Hourly,0:10:34,Success,Blazeclan,,
3/13/2026,March,3,13,2026,Week 3,Databricks,prod-gdo-fdh-workflow-okya,,Streaming,Okya,,Bronze,Scheduled,Hourly,0:11:27,Success,Blazeclan,,
3/13/2026,March,3,13,2026,Week 3,Databricks,prod-gdo-fdh-workflow-okya,,Streaming,Okya,,Bronze,Scheduled,Hourly,0:11:14,Success,Blazeclan,,
3/13/2026,March,3,13,2026,Week 3,Databricks,prod-gdo-fdh-workflow-okya,,Streaming,Okya,,Bronze,Scheduled,Hourly,,,Blazeclan,,
3/13/2026,March,3,13,2026,Week 3,Databricks,prod-gdo-fdh-workflow-okya,,Streaming,Okya,,Bronze,Scheduled,Hourly,,,Blazeclan,,
3/13/2026,March,3,13,2026,Week 3,Databricks,fdh_workflow_gemm_trademarketinggroup,,,,,,Manual Re-run,Daily (5:00 PM),0:10:28,Success,GDO,,
