"id","run_date","platform","pipeline_name","table_name","pipeline_type","source_system","source_layer","target_layer","run_type","schedule","duration_seconds","status","owner","duration"
1,2026-03-01,Databricks,prod-gdo-fdh-workflow-okya,,Streaming,Okya,,Bronze,Scheduled,Hourly,657,Success,Blazeclan,"0:10:57"
2,2026-03-01,Databricks,prod-gdo-fdh-workflow-digital-performance,,,,,,Scheduled,Daily (12:30 AM) ,642,Failed,TM,"0:10:42"
3,2026-03-01,Databricks,prod-gdo-fdh-workflow-okya,,Streaming,Okya,,Bronze,Scheduled,Hourly,656,Success,Blazeclan,"0:10:56"
4,2026-03-01,Databricks,prod-gdo-fdh-workflow-okya,,Streaming,Okya,,Bronze,Scheduled,Hourly,632,Success,Blazeclan,"0:10:32"
5,2026-03-01,Databricks,prod-gdo-fdh-workflow-braze,,,,,,Scheduled,Daily (2:00 AM),1327,Success,TM,"0:22:07"
6,2026-03-01,Databricks,prod-gdo-fdh-workflow-qmai-bronze,,Streaming,QMAI,,Bronze,Scheduled,Daily (2:00 AM),908,Success,Blazeclan,"0:15:08"
7,2026-03-01,Databricks,prod-gdo-fdh-workflow-okya,,Streaming,Okya,,Bronze,Scheduled,Hourly,643,Success,Blazeclan,"0:10:43"
8,2026-03-01,Databricks,prod-gdo-fdh-workflow-qmai-silver-product_goods,,,,,,Scheduled,Daily (3:00 AM),526,Success,Blazeclan,"0:08:46"
9,2026-03-01,Databricks,prod-gdo-fdh-workflow-qmai-silver,,Batch,QMAI,,Silver,Scheduled,Daily (3:00 AM),497,Success,Blazeclan,"0:08:17"
10,2026-03-01,Databricks,prod-gdo-fdh-workflow-okya,,Streaming,Okya,,Bronze,Scheduled,Hourly,624,Success,Blazeclan,"0:10:24"
11,2026-03-01,Databricks,prod-gdo-fdh-workflow-okya,,Streaming,Okya,,Bronze,Scheduled,Hourly,643,Success,Blazeclan,"0:10:43"
12,2026-03-01,Databricks,prod-gdo-fdh-daily-workflow-ironman-rdbms,,,,,,Scheduled,Daily (5:30 AM),780,Success,Blazeclan,"0:13:00"
13,2026-03-01,Databricks,prod-gdo-fdh-workflow-okya,,Streaming,Okya,,Bronze,Scheduled,Hourly,642,Success,Blazeclan,"0:10:42"
14,2026-03-01,Databricks,prod-gdo-fdh-workflow-okya,,Streaming,Okya,,Bronze,Scheduled,Hourly,637,Success,Blazeclan,"0:10:37"
15,2026-03-01,Databricks,prod-gdo-fdh-workflow-okya-silver,,,,,,Scheduled,Daily (7:24 AM),769,Success,Blazeclan,"0:12:49"
16,2026-03-01,Databricks,prod-gdo-fdh-workflow-okya,,Streaming,Okya,,Bronze,Scheduled,Hourly,637,Success,Blazeclan,"0:10:37"
17,2026-03-01,Databricks,prod-gdo-fdh-daily-workflow-qualtrics-api,,,,,,Scheduled,Daily (8:23 AM),841,Success,Blazeclan,"0:14:01"
18,2026-03-01,Databricks,prod-gdo-fdh-daily-workflow-okya-api,,Batch,Okya,,Bronze,Scheduled,Daily (8:23 AM),1379,Success,Blazeclan,"0:22:59"
19,2026-03-01,Databricks,prod-gdo-fdh-workflow-okya,,Streaming,Okya,,Bronze,Scheduled,Hourly,631,Success,Blazeclan,"0:10:31"
20,2026-03-01,Databricks,prod-gdo-fdh-workflow-ga-dtls-daily,,,,,,Scheduled,Daily (9:00 AM),638,Success,DXC,"0:10:38"
21,2026-03-01,Databricks,prod-gdo-fdh-workflow-ga-dtls-goal,,,,,,Scheduled,Daily (9:00 AM),666,Success,DXC,"0:11:06"
22,2026-03-01,Databricks,prod-gdo-fdh-workflow-qualtrics-silver,,,,,,Scheduled,Daily (9:00 AM),539,Success,Blazeclan,"0:08:59"
23,2026-03-01,Databricks,prod-gdo-fdh-workflow-okya,,Streaming,Okya,,Bronze,Scheduled,Hourly,675,Success,Blazeclan,"0:11:15"
24,2026-03-01,Databricks,prod-gdo-fdh-daily-workflow-tillster,,Batch,Tillster,,Bronze,Scheduled,Daily (10:23 AM),811,Success,Blazeclan,"0:13:31"
25,2026-03-01,Databricks,prod-gdo-fdh-grabfood-workflow,,,,,,Scheduled,Daily (10:30 AM),949,Success,TM,"0:15:49"
26,2026-03-01,Databricks,prod-gdo-fdh-workflow-foodpanda,,,,,,Scheduled,Daily (10:30 AM),891,Success,TM,"0:14:51"
27,2026-03-01,Databricks,prod-gdo-fdh-workflow-okya,,Streaming,Okya,,Bronze,Scheduled,Hourly,670,Success,Blazeclan,"0:11:10"
28,2026-03-01,Databricks,prod-gdo-fdh-silver-okya-jb-user-address-job,,Batch,Okya,,Silver,Scheduled,Daily (11:30 AM),1062,Success,TA,"0:17:42"
29,2026-03-01,Databricks,prod-gdo-fdh-silver-okya-jb-order-tender-job,,Batch,Okya,,Silver,Scheduled,Daily (11:30 AM),758,Success,TA,"0:12:38"
30,2026-03-01,Databricks,prod-gdo-fdh-silver-okya-jb-order-items-job,,Batch,Okya,,Silver,Scheduled,Daily (11:30 AM),906,Success,TA,"0:15:06"
31,2026-03-01,Databricks,prod-gdo-fdh-silver-okya-jb-order-staging-job,,Batch,Okya,,Silver,Scheduled,Daily (11:30 AM),1314,Success,TA,"0:21:54"
32,2026-03-01,Databricks,prod-gdo-fdh-silver-okya-jb-customer-workflow,,Batch,Okya,,Silver,Scheduled,Daily (11:30 AM),1214,Success,TA,"0:20:14"
33,2026-03-01,Databricks,prod-gdo-fdh-workflow-okya,,Streaming,Okya,,Bronze,Scheduled,Hourly,640,Success,Blazeclan,"0:10:40"
34,2026-03-01,Databricks,prod-gdo-fdh-silver-tillster-jb-order-staging-job,,Batch,Tillster,,Silver,Scheduled,Daily (12:00 PM),802,Success,TA,"0:13:22"
35,2026-03-01,Databricks,prod-gdo-fdh-silver-tillster-jb-customer-workflow,,Batch,Tillster,,Silver,Scheduled,Daily (12:00 PM),814,Success,TA,"0:13:34"
36,2026-03-01,Databricks,prod-gdo-fdh-silver-tillster-jb-order-tender-job,,Batch,Tillster,,Silver,Scheduled,Daily (12:00 PM),636,Success,TA,"0:10:36"
37,2026-03-01,Databricks,prod-gdo-fdh-silver-tillster-jb-order-items-job,,Batch,Tillster,,Silver,Scheduled,Daily (12:00 PM),739,Success,TA,"0:12:19"
38,2026-03-01,Databricks,prod-gdo-fdh-silver-okya-jb-deactivation-workflow,,Batch,Okya,,Silver,Scheduled,Daily (12:00 PM),2078,Failed,TA,"0:34:38"
39,2026-03-01,Databricks,prod-gdo-fdh-gold-archive-tables-job,,Batch,"Tillster, Okya",,Gold,Scheduled,Daily (12:30 PM),726,Success,TA,"0:12:06"
40,2026-03-01,Databricks,prod-gdo-fdh-workflow-okya,,Streaming,Okya,,Bronze,Scheduled,Hourly,621,Success,Blazeclan,"0:10:21"
41,2026-03-01,Databricks,prod-gdo-fdh-workflow-okya,,Streaming,Okya,,Bronze,Scheduled,Hourly,640,Success,Blazeclan,"0:10:40"
42,2026-03-01,Databricks,prod-gdo-fdh-workflow-okya,,Streaming,Okya,,Bronze,Scheduled,Hourly,635,Success,Blazeclan,"0:10:35"
43,2026-03-01,Databricks,prod-gdo-fdh-workflow-okya,,Streaming,Okya,,Bronze,Scheduled,Hourly,667,Success,Blazeclan,"0:11:07"
44,2026-03-01,Databricks,prod-gdo-fdh-workflow-okya,,Streaming,Okya,,Bronze,Scheduled,Hourly,643,Success,Blazeclan,"0:10:43"
45,2026-03-01,Databricks,fdh_workflow_gemm_trademarketinggroup,,,,,,Scheduled,Daily (5:00 PM),672,Success,GDO,"0:11:12"
46,2026-03-01,Databricks,fdh-workflow-gemm_storevisitresponses,,,,,,Scheduled,Daily (5:00 PM),722,Success,GDO,"0:12:02"
47,2026-03-01,Databricks,prod-gdo-fdh-workflow-okya,,Streaming,Okya,,Bronze,Scheduled,Hourly,643,Success,Blazeclan,"0:10:43"
48,2026-03-01,Databricks,prod-gdo-fdh-workflow-okya,,Streaming,Okya,,Bronze,Scheduled,Hourly,631,Success,Blazeclan,"0:10:31"
49,2026-03-01,Databricks,prod-gdo-fdh-workflow-okya,,Streaming,Okya,,Bronze,Scheduled,Hourly,1500,Success,Blazeclan,"0:25:00"
50,2026-03-01,Databricks,prod-gdo-fdh-workflow-okya,,Streaming,Okya,,Bronze,Scheduled,Hourly,624,Success,Blazeclan,"0:10:24"
51,2026-03-01,Databricks,prod-gdo-fdh-workflow-okya,,Streaming,Okya,,Bronze,Scheduled,Hourly,645,Success,Blazeclan,"0:10:45"
52,2026-03-01,Databricks,prod-gdo-fdh-workflow-okya,,Streaming,Okya,,Bronze,Scheduled,Hourly,659,Success,Blazeclan,"0:10:59"
53,2026-03-02,Databricks,prod-gdo-fdh-workflow-okya,,Streaming,Okya,,Bronze,Scheduled,Hourly,660,Success,Blazeclan,"0:11:00"
54,2026-03-02,Databricks,prod-gdo-fdh-workflow-digital-performance,,,,,,Scheduled,Daily (12:30 AM) ,631,Failed,TM,"0:10:31"
55,2026-03-02,Databricks,prod-gdo-fdh-workflow-okya,,Streaming,Okya,,Bronze,Scheduled,Hourly,639,Success,Blazeclan,"0:10:39"
56,2026-03-02,Databricks,prod-gdo-fdh-workflow-okya,,Streaming,Okya,,Bronze,Scheduled,Hourly,655,Success,Blazeclan,"0:10:55"
57,2026-03-02,Databricks,prod-gdo-fdh-workflow-braze,,,,,,Scheduled,Daily (2:00 AM),1310,Success,TM,"0:21:50"
58,2026-03-02,Databricks,prod-gdo-fdh-workflow-qmai-bronze,,Streaming,QMAI,,Bronze,Scheduled,Daily (2:00 AM),801,Success,Blazeclan,"0:13:21"
59,2026-03-02,Databricks,prod-gdo-fdh-workflow-okya,,Streaming,Okya,,Bronze,Scheduled,Hourly,631,Success,Blazeclan,"0:10:31"
60,2026-03-02,Databricks,prod-gdo-fdh-workflow-qmai-silver-product_goods,,,,,,Scheduled,Daily (3:00 AM),525,Success,Blazeclan,"0:08:45"
61,2026-03-02,Databricks,prod-gdo-fdh-workflow-qmai-silver,,Batch,QMAI,,Silver,Scheduled,Daily (3:00 AM),434,Success,Blazeclan,"0:07:14"
62,2026-03-02,Databricks,prod-gdo-fdh-workflow-okya,,Streaming,Okya,,Bronze,Scheduled,Hourly,680,Success,Blazeclan,"0:11:20"
63,2026-03-02,Databricks,prod-gdo-fdh-workflow-okya,,Streaming,Okya,,Bronze,Scheduled,Hourly,690,Success,Blazeclan,"0:11:30"
64,2026-03-02,Databricks,prod-gdo-fdh-daily-workflow-ironman-rdbms,,,,,,Scheduled,Daily (5:30 AM),765,Success,Blazeclan,"0:12:45"
65,2026-03-02,Databricks,prod-gdo-fdh-workflow-okya,,Streaming,Okya,,Bronze,Scheduled,Hourly,633,Success,Blazeclan,"0:10:33"
66,2026-03-02,Databricks,prod-gdo-fdh-workflow-okya,,Streaming,Okya,,Bronze,Scheduled,Hourly,651,Success,Blazeclan,"0:10:51"
67,2026-03-02,Databricks,prod-gdo-fdh-workflow-okya-silver,,,,,,Scheduled,Daily (7:24 AM),760,Success,Blazeclan,"0:12:40"
68,2026-03-02,Databricks,prod-gdo-fdh-workflow-okya,,Streaming,Okya,,Bronze,Scheduled,Hourly,630,Success,Blazeclan,"0:10:30"
69,2026-03-02,Databricks,prod-gdo-fdh-daily-workflow-qualtrics-api,,,,,,Scheduled,Daily (8:23 AM),831,Success,Blazeclan,"0:13:51"
70,2026-03-02,Databricks,prod-gdo-fdh-daily-workflow-okya-api,,Batch,Okya,,Bronze,Scheduled,Daily (8:23 AM),1391,Success,Blazeclan,"0:23:11"
71,2026-03-02,Databricks,prod-gdo-fdh-workflow-okya,,Streaming,Okya,,Bronze,Scheduled,Hourly,630,Success,Blazeclan,"0:10:30"
72,2026-03-02,Databricks,prod-gdo-fdh-workflow-ga-dtls-daily,,,,,,Scheduled,Daily (9:00 AM),647,Success,DXC,"0:10:47"
73,2026-03-02,Databricks,prod-gdo-fdh-workflow-ga-dtls-goal,,,,,,Scheduled,Daily (9:00 AM),675,Success,DXC,"0:11:15"
74,2026-03-02,Databricks,prod-gdo-fdh-workflow-qualtrics-silver,,,,,,Scheduled,Daily (9:00 AM),535,Success,Blazeclan,"0:08:55"
75,2026-03-02,Databricks,prod-gdo-fdh-workflow-okya,,Streaming,Okya,,Bronze,Scheduled,Hourly,640,Success,Blazeclan,"0:10:40"
76,2026-03-02,Databricks,prod-gdo-fdh-daily-workflow-tillster,,Batch,Tillster,,Bronze,Scheduled,Daily (10:23 AM),797,Success,Blazeclan,"0:13:17"
77,2026-03-02,Databricks,prod-gdo-fdh-grabfood-workflow,,,,,,Scheduled,Daily (10:30 AM),733,Success,TM,"0:12:13"
78,2026-03-02,Databricks,prod-gdo-fdh-workflow-foodpanda,,,,,,Scheduled,Daily (10:30 AM),889,Success,TM,"0:14:49"
79,2026-03-02,Databricks,prod-gdo-fdh-workflow-okya,,Streaming,Okya,,Bronze,Scheduled,Hourly,649,Success,Blazeclan,"0:10:49"
80,2026-03-02,Databricks,Daily Run - Freedompay,,,,,,Scheduled,Daily (10:00 AM),710,Success,GDO,"0:11:50"
81,2026-03-02,Databricks,prod-gdo-fdh-silver-okya-jb-user-address-job,,Batch,Okya,,Silver,Scheduled,Daily (11:30 AM),868,Success,TA,"0:14:28"
82,2026-03-02,Databricks,prod-gdo-fdh-silver-okya-jb-order-tender-job,,Batch,Okya,,Silver,Scheduled,Daily (11:30 AM),745,Success,TA,"0:12:25"
83,2026-03-02,Databricks,prod-gdo-fdh-silver-okya-jb-order-items-job,,Batch,Okya,,Silver,Scheduled,Daily (11:30 AM),1045,Success,TA,"0:17:25"
84,2026-03-02,Databricks,prod-gdo-fdh-silver-okya-jb-order-staging-job,,Batch,Okya,,Silver,Scheduled,Daily (11:30 AM),1222,Success,TA,"0:20:22"
85,2026-03-02,Databricks,prod-gdo-fdh-silver-okya-jb-customer-workflow,,Batch,Okya,,Silver,Scheduled,Daily (11:30 AM),1121,Success,TA,"0:18:41"
86,2026-03-02,Databricks,prod-gdo-fdh-workflow-okya,,Streaming,Okya,,Bronze,Scheduled,Hourly,640,Success,Blazeclan,"0:10:40"
87,2026-03-02,Databricks,prod-gdo-fdh-silver-tillster-jb-order-staging-job,,Batch,Tillster,,Silver,Scheduled,Daily (12:00 PM),797,Success,TA,"0:13:17"
88,2026-03-02,Databricks,prod-gdo-fdh-silver-tillster-jb-customer-workflow,,Batch,Tillster,,Silver,Scheduled,Daily (12:00 PM),808,Success,TA,"0:13:28"
89,2026-03-02,Databricks,prod-gdo-fdh-silver-tillster-jb-order-tender-job,,Batch,Tillster,,Silver,Scheduled,Daily (12:00 PM),620,Success,TA,"0:10:20"
90,2026-03-02,Databricks,prod-gdo-fdh-silver-tillster-jb-order-items-job,,Batch,Tillster,,Silver,Scheduled,Daily (12:00 PM),626,Success,TA,"0:10:26"
91,2026-03-02,Databricks,prod-gdo-fdh-silver-okya-jb-deactivation-workflow,,Batch,Okya,,Silver,Scheduled,Daily (12:00 PM),2171,Failed,TA,"0:36:11"
92,2026-03-02,Databricks,prod-gdo-fdh-gold-archive-tables-job,,Batch,"Tillster, Okya",,Gold,Scheduled,Daily (12:30 PM),728,Success,TA,"0:12:08"
93,2026-03-02,Databricks,prod-gdo-fdh-workflow-okya,,Streaming,Okya,,Bronze,Scheduled,Hourly,623,Success,Blazeclan,"0:10:23"
94,2026-03-02,Databricks,prod-gdo-fdh-c360-pipeline,,Batch,"Tillster, Okya",,Gold,Scheduled,Weekly (Monday 2:00 PM),3040,Failed,TA,"0:50:40"
95,2026-03-02,Databricks,prod-gdo-fdh-workflow-okya,,Streaming,Okya,,Bronze,Scheduled,Hourly,630,Success,Blazeclan,"0:10:30"
96,2026-03-02,Databricks,prod-gdo-fdh-workflow-okya,,Streaming,Okya,,Bronze,Scheduled,Hourly,645,Success,Blazeclan,"0:10:45"
97,2026-03-02,Databricks,prod-gdo-fdh-workflow-okya,,Streaming,Okya,,Bronze,Scheduled,Hourly,668,Success,Blazeclan,"0:11:08"
98,2026-03-02,Databricks,prod-gdo-fdh-workflow-okya,,Streaming,Okya,,Bronze,Scheduled,Hourly,677,Success,Blazeclan,"0:11:17"
99,2026-03-02,Databricks,fdh_workflow_gemm_trademarketinggroup,,,,,,Scheduled,Daily (5:00 PM),694,Success,GDO,"0:11:34"
100,2026-03-02,Databricks,fdh-workflow-gemm_storevisitresponses,,,,,,Scheduled,Daily (5:00 PM),753,Success,GDO,"0:12:33"
101,2026-03-02,Databricks,prod-gdo-fdh-workflow-okya,,Streaming,Okya,,Bronze,Scheduled,Hourly,649,Success,Blazeclan,"0:10:49"
102,2026-03-02,Databricks,prod-gdo-fdh-workflow-okya,,Streaming,Okya,,Bronze,Scheduled,Hourly,638,Success,Blazeclan,"0:10:38"
103,2026-03-02,Databricks,prod-gdo-fdh-workflow-okya,,Streaming,Okya,,Bronze,Scheduled,Hourly,654,Success,Blazeclan,"0:10:54"
104,2026-03-02,Databricks,prod-gdo-fdh-workflow-okya,,Streaming,Okya,,Bronze,Scheduled,Hourly,667,Success,Blazeclan,"0:11:07"
105,2026-03-02,Databricks,prod-gdo-fdh-workflow-okya,,Streaming,Okya,,Bronze,Scheduled,Hourly,675,Success,Blazeclan,"0:11:15"
106,2026-03-02,Databricks,prod-gdo-fdh-workflow-okya,,Streaming,Okya,,Bronze,Scheduled,Hourly,674,Success,Blazeclan,"0:11:14"
107,2026-03-03,Databricks,prod-gdo-fdh-workflow-okya,,Streaming,Okya,,Bronze,Scheduled,Hourly,674,Success,Blazeclan,"0:11:14"
108,2026-03-03,Databricks,prod-gdo-fdh-workflow-digital-performance,,,,,,Scheduled,Daily (12:30 AM) ,8648,Success,TM,"2:24:08"
109,2026-03-03,Databricks,prod-gdo-fdh-workflow-okya,,Streaming,Okya,,Bronze,Scheduled,Hourly,637,Success,Blazeclan,"0:10:37"
110,2026-03-03,Databricks,prod-gdo-fdh-workflow-okya,,Streaming,Okya,,Bronze,Scheduled,Hourly,650,Success,Blazeclan,"0:10:50"
111,2026-03-03,Databricks,prod-gdo-fdh-workflow-braze,,,,,,Scheduled,Daily (2:00 AM),1321,Success,TM,"0:22:01"
112,2026-03-03,Databricks,prod-gdo-fdh-workflow-qmai-bronze,,Streaming,QMAI,,Bronze,Scheduled,Daily (2:00 AM),838,Success,Blazeclan,"0:13:58"
113,2026-03-03,Databricks,prod-gdo-fdh-workflow-okya,,Streaming,Okya,,Bronze,Scheduled,Hourly,648,Success,Blazeclan,"0:10:48"
114,2026-03-03,Databricks,prod-gdo-fdh-workflow-qmai-silver-product_goods,,,,,,Scheduled,Daily (3:00 AM),535,Success,Blazeclan,"0:08:55"
115,2026-03-03,Databricks,prod-gdo-fdh-workflow-qmai-silver,,Batch,QMAI,,Silver,Scheduled,Daily (3:00 AM),430,Success,Blazeclan,"0:07:10"
116,2026-03-03,Databricks,prod-gdo-fdh-workflow-okya,,Streaming,Okya,,Bronze,Scheduled,Hourly,655,Success,Blazeclan,"0:10:55"
117,2026-03-03,Databricks,prod-gdo-fdh-workflow-okya,,Streaming,Okya,,Bronze,Scheduled,Hourly,633,Success,Blazeclan,"0:10:33"
118,2026-03-03,Databricks,prod-gdo-fdh-daily-workflow-ironman-rdbms,,,,,,Scheduled,Daily (5:30 AM),800,Success,Blazeclan,"0:13:20"
119,2026-03-03,Databricks,prod-gdo-fdh-workflow-okya,,Streaming,Okya,,Bronze,Scheduled,Hourly,667,Success,Blazeclan,"0:11:07"
120,2026-03-03,Databricks,prod-gdo-fdh-workflow-okya,,Streaming,Okya,,Bronze,Scheduled,Hourly,659,Success,Blazeclan,"0:10:59"
121,2026-03-03,Databricks,prod-gdo-fdh-workflow-okya-silver,,,,,,Scheduled,Daily (7:24 AM),744,Success,Blazeclan,"0:12:24"
122,2026-03-03,Databricks,prod-gdo-fdh-workflow-okya,,Streaming,Okya,,Bronze,Scheduled,Hourly,661,Success,Blazeclan,"0:11:01"
123,2026-03-03,Databricks,prod-gdo-fdh-daily-workflow-qualtrics-api,,,,,,Scheduled,Daily (8:23 AM),813,Success,Blazeclan,"0:13:33"
124,2026-03-03,Databricks,prod-gdo-fdh-daily-workflow-okya-api,,Batch,Okya,,Bronze,Scheduled,Daily (8:23 AM),1384,Success,Blazeclan,"0:23:04"
125,2026-03-03,Databricks,prod-gdo-fdh-workflow-okya,,Streaming,Okya,,Bronze,Scheduled,Hourly,667,Success,Blazeclan,"0:11:07"
126,2026-03-03,Databricks,prod-gdo-fdh-workflow-ga-dtls-daily,,,,,,Scheduled,Daily (9:00 AM),648,Success,DXC,"0:10:48"
127,2026-03-03,Databricks,prod-gdo-fdh-workflow-ga-dtls-goal,,,,,,Scheduled,Daily (9:00 AM),642,Success,DXC,"0:10:42"
128,2026-03-03,Databricks,prod-gdo-fdh-workflow-qualtrics-silver,,,,,,Scheduled,Daily (9:00 AM),538,Success,Blazeclan,"0:08:58"
129,2026-03-03,Databricks,prod-gdo-fdh-workflow-okya,,Streaming,Okya,,Bronze,Scheduled,Hourly,662,Success,Blazeclan,"0:11:02"
130,2026-03-03,Databricks,prod-gdo-fdh-daily-workflow-tillster,,Batch,Tillster,,Bronze,Scheduled,Daily (10:23 AM),854,Success,Blazeclan,"0:14:14"
131,2026-03-03,Databricks,prod-gdo-fdh-grabfood-workflow,,,,,,Scheduled,Daily (10:30 AM),1120,Success,TM,"0:18:40"
132,2026-03-03,Databricks,prod-gdo-fdh-workflow-foodpanda,,,,,,Scheduled,Daily (10:30 AM),887,Success,TM,"0:14:47"
133,2026-03-03,Databricks,prod-gdo-fdh-workflow-okya,,Streaming,Okya,,Bronze,Scheduled,Hourly,672,Success,Blazeclan,"0:11:12"
134,2026-03-03,Databricks,Daily Run - Freedompay,,,,,,,Daily (10:00 AM),757,Success,GDO,"0:12:37"
135,2026-03-03,Databricks,prod-gdo-fdh-silver-okya-jb-user-address-job,,Batch,Okya,,Silver,Scheduled,Daily (11:30 AM),1113,Success,TA,"0:18:33"
136,2026-03-03,Databricks,prod-gdo-fdh-silver-okya-jb-order-tender-job,,Batch,Okya,,Silver,Scheduled,Daily (11:30 AM),872,Success,TA,"0:14:32"
137,2026-03-03,Databricks,prod-gdo-fdh-silver-okya-jb-order-items-job,,Batch,Okya,,Silver,Scheduled,Daily (11:30 AM),1025,Success,TA,"0:17:05"
138,2026-03-03,Databricks,prod-gdo-fdh-silver-okya-jb-order-staging-job,,Batch,Okya,,Silver,Scheduled,Daily (11:30 AM),1280,Success,TA,"0:21:20"
139,2026-03-03,Databricks,prod-gdo-fdh-silver-okya-jb-customer-workflow,,Batch,Okya,,Silver,Scheduled,Daily (11:30 AM),1282,Success,TA,"0:21:22"
140,2026-03-03,Databricks,prod-gdo-fdh-workflow-okya,,Streaming,Okya,,Bronze,Scheduled,Hourly,696,Success,Blazeclan,"0:11:36"
141,2026-03-03,Databricks,prod-gdo-fdh-silver-tillster-jb-order-staging-job,,Batch,Tillster,,Silver,Scheduled,Daily (12:00 PM),824,Success,TA,"0:13:44"
142,2026-03-03,Databricks,prod-gdo-fdh-silver-tillster-jb-customer-workflow,,Batch,Tillster,,Silver,Scheduled,Daily (12:00 PM),812,Success,TA,"0:13:32"
143,2026-03-03,Databricks,prod-gdo-fdh-silver-tillster-jb-order-tender-job,,Batch,Tillster,,Silver,Scheduled,Daily (12:00 PM),638,Success,TA,"0:10:38"
144,2026-03-03,Databricks,prod-gdo-fdh-silver-tillster-jb-order-items-job,,Batch,Tillster,,Silver,Scheduled,Daily (12:00 PM),667,Success,TA,"0:11:07"
145,2026-03-03,Databricks,prod-gdo-fdh-silver-okya-jb-deactivation-workflow,,Batch,Okya,,Silver,Scheduled,Daily (12:00 PM),2139,Failed,TA,"0:35:39"
146,2026-03-03,Databricks,prod-gdo-fdh-gold-archive-tables-job,,Batch,"Tillster, Okya",,Gold,Scheduled,Daily (12:30 PM),781,Success,TA,"0:13:01"
147,2026-03-03,Databricks,prod-gdo-fdh-workflow-okya,,Streaming,Okya,,Bronze,Scheduled,Hourly,653,Success,Blazeclan,"0:10:53"
148,2026-03-03,Databricks,prod-gdo-fdh-workflow-okya,,Streaming,Okya,,Bronze,Scheduled,Hourly,631,Success,Blazeclan,"0:10:31"
149,2026-03-03,Databricks,prod-gdo-fdh-workflow-okya,,Streaming,Okya,,Bronze,Scheduled,Hourly,633,Success,Blazeclan,"0:10:33"
150,2026-03-03,Databricks,prod-gdo-fdh-workflow-okya,,Streaming,Okya,,Bronze,Scheduled,Hourly,638,Success,Blazeclan,"0:10:38"
151,2026-03-03,Databricks,prod-gdo-fdh-workflow-okya,,Streaming,Okya,,Bronze,Scheduled,Hourly,644,Success,Blazeclan,"0:10:44"
152,2026-03-03,Databricks,fdh_workflow_gemm_trademarketinggroup,,,,,,Scheduled,Daily (5:00 PM),699,Success,GDO,"0:11:39"
153,2026-03-03,Databricks,fdh-workflow-gemm_storevisitresponses,,,,,,Scheduled,Daily (5:00 PM),756,Success,GDO,"0:12:36"
154,2026-03-03,Databricks,prod-gdo-fdh-workflow-okya,,Streaming,Okya,,Bronze,Scheduled,Hourly,650,Success,Blazeclan,"0:10:50"
155,2026-03-03,Databricks,prod-gdo-fdh-workflow-okya,,Streaming,Okya,,Bronze,Scheduled,Hourly,627,Success,Blazeclan,"0:10:27"
156,2026-03-03,Databricks,prod-gdo-fdh-workflow-okya,,Streaming,Okya,,Bronze,Scheduled,Hourly,642,Success,Blazeclan,"0:10:42"
157,2026-03-03,Databricks,prod-gdo-fdh-workflow-okya,,Streaming,Okya,,Bronze,Scheduled,Hourly,641,Success,Blazeclan,"0:10:41"
158,2026-03-03,Databricks,prod-gdo-fdh-workflow-okya,,Streaming,Okya,,Bronze,Scheduled,Hourly,657,Success,Blazeclan,"0:10:57"
159,2026-03-03,Databricks,prod-gdo-fdh-workflow-okya,,Streaming,Okya,,Bronze,Scheduled,Hourly,672,Success,Blazeclan,"0:11:12"
160,2026-03-04,Databricks,prod-gdo-fdh-workflow-okya,,Streaming,Okya,,Bronze,Scheduled,Hourly,630,Success,Blazeclan,"0:10:30"
161,2026-03-04,Databricks,prod-gdo-fdh-workflow-digital-performance,,,,,,Scheduled,Daily (12:30 AM) ,968,Failed,TM,"0:16:08"
162,2026-03-04,Databricks,prod-gdo-fdh-workflow-okya,,Streaming,Okya,,Bronze,Scheduled,Hourly,651,Success,Blazeclan,"0:10:51"
163,2026-03-04,Databricks,prod-gdo-fdh-workflow-okya,,Streaming,Okya,,Bronze,Scheduled,Hourly,668,Success,Blazeclan,"0:11:08"
164,2026-03-04,Databricks,prod-gdo-fdh-workflow-braze,,,,,,Scheduled,Daily (2:00 AM),1805,Success,TM,"0:30:05"
165,2026-03-04,Databricks,prod-gdo-fdh-workflow-qmai-bronze,,Streaming,QMAI,,Bronze,Scheduled,Daily (2:00 AM),819,Success,Blazeclan,"0:13:39"
166,2026-03-04,Databricks,prod-gdo-fdh-workflow-okya,,Streaming,Okya,,Bronze,Scheduled,Hourly,638,Success,Blazeclan,"0:10:38"
167,2026-03-04,Databricks,prod-gdo-fdh-workflow-qmai-silver-product_goods,,,,,,Scheduled,Daily (3:00 AM),525,Success,Blazeclan,"0:08:45"
168,2026-03-04,Databricks,prod-gdo-fdh-workflow-qmai-silver,,Batch,QMAI,,Silver,Scheduled,Daily (3:00 AM),424,Success,Blazeclan,"0:07:04"
169,2026-03-04,Databricks,prod-gdo-fdh-workflow-okya,,Streaming,Okya,,Bronze,Scheduled,Hourly,658,Success,Blazeclan,"0:10:58"
170,2026-03-04,Databricks,prod-gdo-fdh-workflow-okya,,Streaming,Okya,,Bronze,Scheduled,Hourly,633,Success,Blazeclan,"0:10:33"
171,2026-03-04,Databricks,prod-gdo-fdh-daily-workflow-ironman-rdbms,,,,,,Scheduled,Daily (5:30 AM),828,Success,Blazeclan,"0:13:48"
172,2026-03-04,Databricks,prod-gdo-fdh-workflow-okya,,Streaming,Okya,,Bronze,Scheduled,Hourly,654,Success,Blazeclan,"0:10:54"
173,2026-03-04,Databricks,prod-gdo-fdh-workflow-okya,,Streaming,Okya,,Bronze,Scheduled,Hourly,640,Success,Blazeclan,"0:10:40"
174,2026-03-04,Databricks,prod-gdo-fdh-workflow-okya-silver,,,,,,Scheduled,Daily (7:24 AM),757,Success,Blazeclan,"0:12:37"
175,2026-03-04,Databricks,prod-gdo-fdh-workflow-okya,,Streaming,Okya,,Bronze,Scheduled,Hourly,640,Success,Blazeclan,"0:10:40"
176,2026-03-04,Databricks,prod-gdo-fdh-daily-workflow-qualtrics-api,,,,,,Scheduled,Daily (8:23 AM),789,Success,Blazeclan,"0:13:09"
177,2026-03-04,Databricks,prod-gdo-fdh-daily-workflow-okya-api,,Batch,Okya,,Bronze,Scheduled,Daily (8:23 AM),1398,Success,Blazeclan,"0:23:18"
178,2026-03-04,Databricks,prod-gdo-fdh-workflow-okya,,Streaming,Okya,,Bronze,Scheduled,Hourly,612,Success,Blazeclan,"0:10:12"
179,2026-03-04,Databricks,prod-gdo-fdh-workflow-ga-dtls-daily,,,,,,Scheduled,Daily (9:00 AM),672,Success,DXC,"0:11:12"
180,2026-03-04,Databricks,prod-gdo-fdh-workflow-ga-dtls-goal,,,,,,Scheduled,Daily (9:00 AM),615,Success,DXC,"0:10:15"
181,2026-03-04,Databricks,prod-gdo-fdh-workflow-qualtrics-silver,,,,,,Scheduled,Daily (9:00 AM),546,Success,Blazeclan,"0:09:06"
182,2026-03-04,Databricks,prod-gdo-fdh-workflow-okya,,Streaming,Okya,,Bronze,Scheduled,Hourly,654,Success,Blazeclan,"0:10:54"
183,2026-03-04,Databricks,prod-gdo-fdh-daily-workflow-tillster,,Batch,Tillster,,Bronze,Scheduled,Daily (10:23 AM),850,Success,Blazeclan,"0:14:10"
184,2026-03-04,Databricks,prod-gdo-fdh-grabfood-workflow,,,,,,Scheduled,Daily (10:30 AM),939,Success,TM,"0:15:39"
185,2026-03-04,Databricks,prod-gdo-fdh-workflow-foodpanda,,,,,,Scheduled,Daily (10:30 AM),900,Success,TM,"0:15:00"
186,2026-03-04,Databricks,prod-gdo-fdh-workflow-okya,,Streaming,Okya,,Bronze,Scheduled,Hourly,660,Success,Blazeclan,"0:11:00"
187,2026-03-04,Databricks,Daily Run - Freedompay,,,,,,Scheduled,Daily (10:00 AM),715,Success,GDO,"0:11:55"
188,2026-03-04,Databricks,prod-gdo-fdh-silver-okya-jb-user-address-job,,Batch,Okya,,Silver,Scheduled,Daily (11:30 AM),1103,Success,TA,"0:18:23"
189,2026-03-04,Databricks,prod-gdo-fdh-silver-okya-jb-order-tender-job,,Batch,Okya,,Silver,Scheduled,Daily (11:30 AM),803,Success,TA,"0:13:23"
190,2026-03-04,Databricks,prod-gdo-fdh-silver-okya-jb-order-items-job,,Batch,Okya,,Silver,Scheduled,Daily (11:30 AM),994,Success,TA,"0:16:34"
191,2026-03-04,Databricks,prod-gdo-fdh-silver-okya-jb-order-staging-job,,Batch,Okya,,Silver,Scheduled,Daily (11:30 AM),1316,Success,TA,"0:21:56"
192,2026-03-04,Databricks,prod-gdo-fdh-silver-okya-jb-customer-workflow,,Batch,Okya,,Silver,Scheduled,Daily (11:30 AM),1056,Success,TA,"0:17:36"
193,2026-03-04,Databricks,prod-gdo-fdh-workflow-okya,,Streaming,Okya,,Bronze,Scheduled,Hourly,639,Success,Blazeclan,"0:10:39"
194,2026-03-04,Databricks,prod-gdo-fdh-silver-tillster-jb-order-staging-job,,Batch,Tillster,,Silver,Scheduled,Daily (12:00 PM),687,Success,TA,"0:11:27"
195,2026-03-04,Databricks,prod-gdo-fdh-silver-tillster-jb-customer-workflow,,Batch,Tillster,,Silver,Scheduled,Daily (12:00 PM),712,Success,TA,"0:11:52"
196,2026-03-04,Databricks,prod-gdo-fdh-silver-tillster-jb-order-tender-job,,Batch,Tillster,,Silver,Scheduled,Daily (12:00 PM),733,Success,TA,"0:12:13"
197,2026-03-04,Databricks,prod-gdo-fdh-silver-tillster-jb-order-items-job,,Batch,Tillster,,Silver,Scheduled,Daily (12:00 PM),624,Success,TA,"0:10:24"
198,2026-03-04,Databricks,prod-gdo-fdh-silver-okya-jb-deactivation-workflow,,Batch,Okya,,Silver,Scheduled,Daily (12:00 PM),1935,Success,TA,"0:32:15"
199,2026-03-04,Databricks,prod-gdo-fdh-gold-archive-tables-job,,Batch,"Tillster, Okya",,Gold,Scheduled,Daily (12:30 PM),707,Success,TA,"0:11:47"
200,2026-03-04,Databricks,prod-gdo-fdh-workflow-okya,,Streaming,Okya,,Bronze,Scheduled,Hourly,633,Success,Blazeclan,"0:10:33"
201,2026-03-04,Databricks,prod-gdo-fdh-workflow-okya,,Streaming,Okya,,Bronze,Scheduled,Hourly,646,Success,Blazeclan,"0:10:46"
202,2026-03-04,Databricks,prod-gdo-fdh-workflow-okya,,Streaming,Okya,,Bronze,Scheduled,Hourly,648,Success,Blazeclan,"0:10:48"
203,2026-03-04,Databricks,prod-gdo-fdh-workflow-okya,,Streaming,Okya,,Bronze,Scheduled,Hourly,646,Success,Blazeclan,"0:10:46"
204,2026-03-04,Databricks,prod-gdo-fdh-workflow-okya,,Streaming,Okya,,Bronze,Scheduled,Hourly,647,Success,Blazeclan,"0:10:47"
205,2026-03-04,Databricks,fdh_workflow_gemm_trademarketinggroup,,,,,,Scheduled,Daily (5:00 PM),678,Success,GDO,"0:11:18"
206,2026-03-04,Databricks,fdh-workflow-gemm_storevisitresponses,,,,,,Scheduled,Daily (5:00 PM),724,Success,GDO,"0:12:04"
207,2026-03-04,Databricks,prod-gdo-fdh-workflow-okya,,Streaming,Okya,,Bronze,Scheduled,Hourly,651,Success,Blazeclan,"0:10:51"
208,2026-03-04,Databricks,prod-gdo-fdh-workflow-okya,,Streaming,Okya,,Bronze,Scheduled,Hourly,644,Success,Blazeclan,"0:10:44"
209,2026-03-04,Databricks,prod-gdo-fdh-workflow-okya,,Streaming,Okya,,Bronze,Scheduled,Hourly,675,Success,Blazeclan,"0:11:15"
210,2026-03-04,Databricks,prod-gdo-fdh-workflow-okya,,Streaming,Okya,,Bronze,Scheduled,Hourly,629,Success,Blazeclan,"0:10:29"
211,2026-03-04,Databricks,prod-gdo-fdh-workflow-okya,,Streaming,Okya,,Bronze,Scheduled,Hourly,726,Success,Blazeclan,"0:12:06"
212,2026-03-04,Databricks,prod-gdo-fdh-workflow-okya,,Streaming,Okya,,Bronze,Scheduled,Hourly,657,Success,Blazeclan,"0:10:57"
213,2026-03-05,Databricks,prod-gdo-fdh-workflow-okya,,Streaming,Okya,,Bronze,Scheduled,Hourly,690,Success,Blazeclan,"0:11:30"
214,2026-03-05,Databricks,prod-gdo-fdh-workflow-digital-performance,,,,,,Scheduled,Daily (12:30 AM) ,699,Failed,TM,"0:11:39"
215,2026-03-05,Databricks,prod-gdo-fdh-workflow-okya,,Streaming,Okya,,Bronze,Scheduled,Hourly,649,Success,Blazeclan,"0:10:49"
216,2026-03-05,Databricks,prod-gdo-fdh-workflow-okya,,Streaming,Okya,,Bronze,Scheduled,Hourly,656,Success,Blazeclan,"0:10:56"
217,2026-03-05,Databricks,prod-gdo-fdh-workflow-braze,,,,,,Scheduled,Daily (2:00 AM),1366,Success,TM,"0:22:46"
218,2026-03-05,Databricks,prod-gdo-fdh-workflow-qmai-bronze,,Streaming,QMAI,,Bronze,Scheduled,Daily (2:00 AM),862,Success,Blazeclan,"0:14:22"
219,2026-03-05,Databricks,prod-gdo-fdh-workflow-okya,,Streaming,Okya,,Bronze,Scheduled,Hourly,635,Success,Blazeclan,"0:10:35"
220,2026-03-05,Databricks,prod-gdo-fdh-workflow-qmai-silver-product_goods,,,,,,Scheduled,Daily (3:00 AM),531,Success,Blazeclan,"0:08:51"
221,2026-03-05,Databricks,prod-gdo-fdh-workflow-qmai-silver,,Batch,QMAI,,Silver,Scheduled,Daily (3:00 AM),1144,Success,Blazeclan,"0:19:04"
222,2026-03-05,Databricks,prod-gdo-fdh-workflow-okya,,Streaming,Okya,,Bronze,Scheduled,Hourly,645,Success,Blazeclan,"0:10:45"
223,2026-03-05,Databricks,prod-gdo-fdh-workflow-okya,,Streaming,Okya,,Bronze,Scheduled,Hourly,654,Success,Blazeclan,"0:10:54"
224,2026-03-05,Databricks,prod-gdo-fdh-daily-workflow-ironman-rdbms,,,,,,Scheduled,Daily (5:30 AM),780,Success,Blazeclan,"0:13:00"
225,2026-03-05,Databricks,prod-gdo-fdh-workflow-okya,,Streaming,Okya,,Bronze,Scheduled,Hourly,714,Success,Blazeclan,"0:11:54"
226,2026-03-05,Databricks,prod-gdo-fdh-workflow-okya,,Streaming,Okya,,Bronze,Scheduled,Hourly,656,Success,Blazeclan,"0:10:56"
227,2026-03-05,Databricks,prod-gdo-fdh-workflow-okya-silver,,,,,,Scheduled,Daily (7:24 AM),785,Success,Blazeclan,"0:13:05"
228,2026-03-05,Databricks,prod-gdo-fdh-workflow-okya,,Streaming,Okya,,Bronze,Scheduled,Hourly,650,Success,Blazeclan,"0:10:50"
229,2026-03-05,Databricks,prod-gdo-fdh-daily-workflow-qualtrics-api,,,,,,Scheduled,Daily (8:23 AM),852,Success,Blazeclan,"0:14:12"
230,2026-03-05,Databricks,prod-gdo-fdh-daily-workflow-okya-api,,Batch,Okya,,Bronze,Scheduled,Daily (8:23 AM),1401,Success,Blazeclan,"0:23:21"
231,2026-03-05,Databricks,prod-gdo-fdh-workflow-okya,,Streaming,Okya,,Bronze,Scheduled,Hourly,637,Success,Blazeclan,"0:10:37"
232,2026-03-05,Databricks,prod-gdo-fdh-workflow-ga-dtls-daily,,,,,,Scheduled,Daily (9:00 AM),665,Success,DXC,"0:11:05"
233,2026-03-05,Databricks,prod-gdo-fdh-workflow-ga-dtls-goal,,,,,,Scheduled,Daily (9:00 AM),661,Success,DXC,"0:11:01"
234,2026-03-05,Databricks,prod-gdo-fdh-workflow-qualtrics-silver,,,,,,Scheduled,Daily (9:00 AM),657,Success,Blazeclan,"0:10:57"
235,2026-03-05,Databricks,prod-gdo-fdh-workflow-okya,,Streaming,Okya,,Bronze,Scheduled,Hourly,649,Success,Blazeclan,"0:10:49"
236,2026-03-05,Databricks,prod-gdo-fdh-daily-workflow-tillster,,Batch,Tillster,,Bronze,Scheduled,Daily (10:23 AM),886,Success,Blazeclan,"0:14:46"
237,2026-03-05,Databricks,prod-gdo-fdh-grabfood-workflow,,,,,,Scheduled,Daily (10:30 AM),967,Success,TM,"0:16:07"
238,2026-03-05,Databricks,prod-gdo-fdh-workflow-foodpanda,,,,,,Scheduled,Daily (10:30 AM),937,Success,TM,"0:15:37"
239,2026-03-05,Databricks,prod-gdo-fdh-workflow-okya,,Streaming,Okya,,Bronze,Scheduled,Hourly,682,Success,Blazeclan,"0:11:22"
240,2026-03-05,Databricks,Daily Run - Freedompay,,,,,,Scheduled,Daily (10:00 AM),712,Success,GDO,"0:11:52"
241,2026-03-05,Databricks,prod-gdo-fdh-silver-okya-jb-user-address-job,,Batch,Okya,,Silver,Scheduled,Daily (11:30 AM),861,Success,TA,"0:14:21"
242,2026-03-05,Databricks,prod-gdo-fdh-silver-okya-jb-order-tender-job,,Batch,Okya,,Silver,Scheduled,Daily (11:30 AM),790,Success,TA,"0:13:10"
243,2026-03-05,Databricks,prod-gdo-fdh-silver-okya-jb-order-items-job,,Batch,Okya,,Silver,Scheduled,Daily (11:30 AM),971,Success,TA,"0:16:11"
244,2026-03-05,Databricks,prod-gdo-fdh-silver-okya-jb-order-staging-job,,Batch,Okya,,Silver,Scheduled,Daily (11:30 AM),1233,Success,TA,"0:20:33"
245,2026-03-05,Databricks,prod-gdo-fdh-silver-okya-jb-customer-workflow,,Batch,Okya,,Silver,Scheduled,Daily (11:30 AM),1207,Success,TA,"0:20:07"
246,2026-03-05,Databricks,prod-gdo-fdh-workflow-okya,,Streaming,Okya,,Bronze,Scheduled,Hourly,639,Success,Blazeclan,"0:10:39"
247,2026-03-05,Databricks,prod-gdo-fdh-silver-tillster-jb-order-staging-job,,Batch,Tillster,,Silver,Scheduled,Daily (12:00 PM),721,Success,TA,"0:12:01"
248,2026-03-05,Databricks,prod-gdo-fdh-silver-tillster-jb-customer-workflow,,Batch,Tillster,,Silver,Scheduled,Daily (12:00 PM),726,Success,TA,"0:12:06"
249,2026-03-05,Databricks,prod-gdo-fdh-silver-tillster-jb-order-tender-job,,Batch,Tillster,,Silver,Scheduled,Daily (12:00 PM),755,Success,TA,"0:12:35"
250,2026-03-05,Databricks,prod-gdo-fdh-silver-tillster-jb-order-items-job,,Batch,Tillster,,Silver,Scheduled,Daily (12:00 PM),653,Success,TA,"0:10:53"
251,2026-03-05,Databricks,prod-gdo-fdh-silver-okya-jb-deactivation-workflow,,Batch,Okya,,Silver,Scheduled,Daily (12:00 PM),2332,Failed,TA,"0:38:52"
252,2026-03-05,Databricks,prod-gdo-fdh-gold-archive-tables-job,,Batch,"Tillster, Okya",,Gold,Scheduled,Daily (12:30 PM),707,Success,TA,"0:11:47"
253,2026-03-05,Databricks,prod-gdo-fdh-workflow-okya,,Streaming,Okya,,Bronze,Scheduled,Hourly,682,Success,Blazeclan,"0:11:22"
254,2026-03-05,Databricks,prod-gdo-fdh-workflow-okya,,Streaming,Okya,,Bronze,Scheduled,Hourly,643,Success,Blazeclan,"0:10:43"
255,2026-03-05,Databricks,prod-gdo-fdh-workflow-okya,,Streaming,Okya,,Bronze,Scheduled,Hourly,620,Success,Blazeclan,"0:10:20"
256,2026-03-05,Databricks,prod-gdo-fdh-workflow-okya,,Streaming,Okya,,Bronze,Scheduled,Hourly,647,Success,Blazeclan,"0:10:47"
257,2026-03-05,Databricks,prod-gdo-fdh-workflow-okya,,Streaming,Okya,,Bronze,Scheduled,Hourly,650,Success,Blazeclan,"0:10:50"
258,2026-03-05,Databricks,fdh_workflow_gemm_trademarketinggroup,,,,,,Scheduled,Daily (5:00 PM),704,Success,GDO,"0:11:44"
259,2026-03-05,Databricks,fdh-workflow-gemm_storevisitresponses,,,,,,Scheduled,Daily (5:00 PM),779,Success,GDO,"0:12:59"
260,2026-03-05,Databricks,prod-gdo-fdh-workflow-okya,,Streaming,Okya,,Bronze,Scheduled,Hourly,641,Success,Blazeclan,"0:10:41"
261,2026-03-05,Databricks,prod-gdo-fdh-workflow-okya,,Streaming,Okya,,Bronze,Scheduled,Hourly,649,Success,Blazeclan,"0:10:49"
262,2026-03-05,Databricks,prod-gdo-fdh-workflow-okya,,Streaming,Okya,,Bronze,Scheduled,Hourly,665,Success,Blazeclan,"0:11:05"
263,2026-03-05,Databricks,prod-gdo-fdh-workflow-okya,,Streaming,Okya,,Bronze,Scheduled,Hourly,663,Success,Blazeclan,"0:11:03"
264,2026-03-05,Databricks,prod-gdo-fdh-workflow-okya,,Streaming,Okya,,Bronze,Scheduled,Hourly,1667,Success,Blazeclan,"0:27:47"
265,2026-03-05,Databricks,prod-gdo-fdh-workflow-okya,,Streaming,Okya,,Bronze,Scheduled,Hourly,635,Success,Blazeclan,"0:10:35"
266,2026-03-06,Databricks,prod-gdo-fdh-workflow-okya,,Streaming,Okya,,Bronze,Scheduled,Hourly,669,Success,Blazeclan,"0:11:09"
267,2026-03-06,Databricks,prod-gdo-fdh-workflow-digital-performance,,,,,,Scheduled,Daily (12:30 AM) ,670,Failed,TM,"0:11:10"
268,2026-03-06,Databricks,prod-gdo-fdh-workflow-okya,,Streaming,Okya,,Bronze,Scheduled,Hourly,686,Success,Blazeclan,"0:11:26"
269,2026-03-06,Databricks,prod-gdo-fdh-workflow-okya,,Streaming,Okya,,Bronze,Scheduled,Hourly,654,Success,Blazeclan,"0:10:54"
270,2026-03-06,Databricks,prod-gdo-fdh-workflow-braze,,,,,,Scheduled,Daily (2:00 AM),1415,Success,TM,"0:23:35"
271,2026-03-06,Databricks,prod-gdo-fdh-workflow-qmai-bronze,,Streaming,QMAI,,Bronze,Scheduled,Daily (2:00 AM),2225,Success,Blazeclan,"0:37:05"
272,2026-03-06,Databricks,prod-gdo-fdh-workflow-qmai-bronze,,Streaming,QMAI,,Bronze,Manual Re-run,Daily (2:00 AM),825,Success,Blazeclan,"0:13:45"
273,2026-03-06,Databricks,prod-gdo-fdh-workflow-qmai-bronze,,Streaming,QMAI,,Bronze,Manual Re-run,Daily (2:00 AM),905,Success,Blazeclan,"0:15:05"
274,2026-03-06,Databricks,prod-gdo-fdh-workflow-okya,,Streaming,Okya,,Bronze,Scheduled,Hourly,636,Success,Blazeclan,"0:10:36"
275,2026-03-06,Databricks,prod-gdo-fdh-workflow-qmai-silver-product_goods,,,,,,Scheduled,Daily (3:00 AM),513,Success,Blazeclan,"0:08:33"
276,2026-03-06,Databricks,prod-gdo-fdh-workflow-qmai-silver,,Batch,QMAI,,Silver,Scheduled,Daily (3:00 AM),414,Success,Blazeclan,"0:06:54"
277,2026-03-06,Databricks,prod-gdo-fdh-workflow-okya,,Streaming,Okya,,Bronze,Scheduled,Hourly,657,Success,Blazeclan,"0:10:57"
278,2026-03-06,Databricks,prod-gdo-fdh-workflow-okya,,Streaming,Okya,,Bronze,Scheduled,Hourly,659,Success,Blazeclan,"0:10:59"
279,2026-03-06,Databricks,prod-gdo-fdh-daily-workflow-ironman-rdbms,,,,,,Scheduled,Daily (5:30 AM),770,Success,Blazeclan,"0:12:50"
280,2026-03-06,Databricks,prod-gdo-fdh-workflow-okya,,Streaming,Okya,,Bronze,Scheduled,Hourly,646,Success,Blazeclan,"0:10:46"
281,2026-03-06,Databricks,prod-gdo-fdh-workflow-okya,,Streaming,Okya,,Bronze,Scheduled,Hourly,647,Success,Blazeclan,"0:10:47"
282,2026-03-06,Databricks,prod-gdo-fdh-workflow-okya-silver,,,,,,Scheduled,Daily (7:24 AM),769,Success,Blazeclan,"0:12:49"
283,2026-03-06,Databricks,prod-gdo-fdh-workflow-okya,,Streaming,Okya,,Bronze,Scheduled,Hourly,663,Success,Blazeclan,"0:11:03"
284,2026-03-06,Databricks,prod-gdo-fdh-daily-workflow-qualtrics-api,,,,,,Scheduled,Daily (8:23 AM),801,Success,Blazeclan,"0:13:21"
285,2026-03-06,Databricks,prod-gdo-fdh-daily-workflow-okya-api,,Batch,Okya,,Bronze,Scheduled,Daily (8:23 AM),1419,Success,Blazeclan,"0:23:39"
286,2026-03-06,Databricks,prod-gdo-fdh-workflow-okya,,Streaming,Okya,,Bronze,Scheduled,Hourly,643,Success,Blazeclan,"0:10:43"
287,2026-03-06,Databricks,prod-gdo-fdh-workflow-ga-dtls-daily,,,,,,Scheduled,Daily (9:00 AM),649,Success,DXC,"0:10:49"
288,2026-03-06,Databricks,prod-gdo-fdh-workflow-ga-dtls-goal,,,,,,Scheduled,Daily (9:00 AM),667,Success,DXC,"0:11:07"
289,2026-03-06,Databricks,prod-gdo-fdh-workflow-qualtrics-silver,,,,,,Scheduled,Daily (9:00 AM),563,Success,Blazeclan,"0:09:23"
290,2026-03-06,Databricks,prod-gdo-fdh-workflow-okya,,Streaming,Okya,,Bronze,Scheduled,Hourly,667,Success,Blazeclan,"0:11:07"
291,2026-03-06,Databricks,prod-gdo-fdh-daily-workflow-tillster,,Batch,Tillster,,Bronze,Scheduled,Daily (10:23 AM),816,Success,Blazeclan,"0:13:36"
292,2026-03-06,Databricks,prod-gdo-fdh-grabfood-workflow,,,,,,Scheduled,Daily (10:30 AM),972,Success,TM,"0:16:12"
293,2026-03-06,Databricks,prod-gdo-fdh-workflow-foodpanda,,,,,,Scheduled,Daily (10:30 AM),879,Success,TM,"0:14:39"
294,2026-03-06,Databricks,prod-gdo-fdh-workflow-okya,,Streaming,Okya,,Bronze,Scheduled,Hourly,678,Success,Blazeclan,"0:11:18"
295,2026-03-06,Databricks,Daily Run - Freedompay,,,,,,,Daily (10:00 AM),733,Success,GDO,"0:12:13"
296,2026-03-06,Databricks,prod-gdo-fdh-silver-okya-jb-user-address-job,,Batch,Okya,,Silver,Scheduled,Daily (11:30 AM),868,Success,TA,"0:14:28"
297,2026-03-06,Databricks,prod-gdo-fdh-silver-okya-jb-order-tender-job,,Batch,Okya,,Silver,Scheduled,Daily (11:30 AM),741,Success,TA,"0:12:21"
298,2026-03-06,Databricks,prod-gdo-fdh-silver-okya-jb-order-items-job,,Batch,Okya,,Silver,Scheduled,Daily (11:30 AM),945,Success,TA,"0:15:45"
299,2026-03-06,Databricks,prod-gdo-fdh-silver-okya-jb-order-staging-job,,Batch,Okya,,Silver,Scheduled,Daily (11:30 AM),1297,Success,TA,"0:21:37"
300,2026-03-06,Databricks,prod-gdo-fdh-silver-okya-jb-customer-workflow,,Batch,Okya,,Silver,Scheduled,Daily (11:30 AM),1125,Success,TA,"0:18:45"
301,2026-03-06,Databricks,prod-gdo-fdh-workflow-okya,,Streaming,Okya,,Bronze,Scheduled,Hourly,644,Success,Blazeclan,"0:10:44"
302,2026-03-06,Databricks,prod-gdo-fdh-silver-tillster-jb-order-staging-job,,Batch,Tillster,,Silver,Scheduled,Daily (12:00 PM),2310,Success,TA,"0:38:30"
303,2026-03-06,Databricks,prod-gdo-fdh-silver-tillster-jb-customer-workflow,,Batch,Tillster,,Silver,Scheduled,Daily (12:00 PM),813,Success,TA,"0:13:33"
304,2026-03-06,Databricks,prod-gdo-fdh-silver-tillster-jb-order-tender-job,,Batch,Tillster,,Silver,Scheduled,Daily (12:00 PM),1500,Success,TA,"0:25:00"
305,2026-03-06,Databricks,prod-gdo-fdh-silver-tillster-jb-order-items-job,,Batch,Tillster,,Silver,Scheduled,Daily (12:00 PM),1520,Success,TA,"0:25:20"
306,2026-03-06,Databricks,prod-gdo-fdh-silver-okya-jb-deactivation-workflow,,Batch,Okya,,Silver,Scheduled,Daily (12:00 PM),2878,Failed,TA,"0:47:58"
307,2026-03-06,Databricks,prod-gdo-fdh-gold-archive-tables-job,,Batch,"Tillster, Okya",,Gold,Scheduled,Daily (12:30 PM),774,Success,TA,"0:12:54"
308,2026-03-06,Databricks,prod-gdo-fdh-workflow-okya,,Streaming,Okya,,Bronze,Scheduled,Hourly,639,Success,Blazeclan,"0:10:39"
309,2026-03-06,Databricks,prod-gdo-fdh-workflow-okya,,Streaming,Okya,,Bronze,Scheduled,Hourly,638,Success,Blazeclan,"0:10:38"
310,2026-03-06,Databricks,prod-gdo-fdh-workflow-okya,,Streaming,Okya,,Bronze,Scheduled,Hourly,648,Success,Blazeclan,"0:10:48"
311,2026-03-06,Databricks,prod-gdo-fdh-workflow-okya,,Streaming,Okya,,Bronze,Scheduled,Hourly,649,Success,Blazeclan,"0:10:49"
312,2026-03-06,Databricks,prod-gdo-fdh-workflow-okya,,Streaming,Okya,,Bronze,Scheduled,Hourly,657,Success,Blazeclan,"0:10:57"
313,2026-03-06,Databricks,fdh_workflow_gemm_trademarketinggroup,,,,,,Scheduled,Daily (5:00 PM),690,Success,GDO,"0:11:30"
314,2026-03-06,Databricks,fdh-workflow-gemm_storevisitresponses,,,,,,Scheduled,Daily (5:00 PM),744,Success,GDO,"0:12:24"
315,2026-03-06,Databricks,prod-gdo-fdh-workflow-okya,,Streaming,Okya,,Bronze,Scheduled,Hourly,617,Success,Blazeclan,"0:10:17"
316,2026-03-06,Databricks,prod-gdo-fdh-workflow-okya,,Streaming,Okya,,Bronze,Scheduled,Hourly,656,Success,Blazeclan,"0:10:56"
317,2026-03-06,Databricks,prod-gdo-fdh-workflow-okya,,Streaming,Okya,,Bronze,Scheduled,Hourly,647,Success,Blazeclan,"0:10:47"
318,2026-03-06,Databricks,prod-gdo-fdh-workflow-okya,,Streaming,Okya,,Bronze,Scheduled,Hourly,700,Success,Blazeclan,"0:11:40"
319,2026-03-06,Databricks,prod-gdo-fdh-workflow-okya,,Streaming,Okya,,Bronze,Scheduled,Hourly,640,Success,Blazeclan,"0:10:40"
320,2026-03-06,Databricks,prod-gdo-fdh-workflow-okya,,Streaming,Okya,,Bronze,Scheduled,Hourly,627,Success,Blazeclan,"0:10:27"
321,2026-03-07,Databricks,prod-gdo-fdh-workflow-okya,,Streaming,Okya,,Bronze,Scheduled,Hourly,645,Success,Blazeclan,"0:10:45"
322,2026-03-07,Databricks,prod-gdo-fdh-workflow-digital-performance,,,,,,Scheduled,Daily (12:30 AM) ,685,Failed,TM,"0:11:25"
323,2026-03-07,Databricks,prod-gdo-fdh-workflow-okya,,Streaming,Okya,,Bronze,Scheduled,Hourly,659,Success,Blazeclan,"0:10:59"
324,2026-03-07,Databricks,prod-gdo-fdh-workflow-okya,,Streaming,Okya,,Bronze,Scheduled,Hourly,634,Success,Blazeclan,"0:10:34"
325,2026-03-07,Databricks,prod-gdo-fdh-workflow-braze,,,,,,Scheduled,Daily (2:00 AM),1376,Success,TM,"0:22:56"
326,2026-03-07,Databricks,prod-gdo-fdh-workflow-qmai-bronze,,Streaming,QMAI,,Bronze,Scheduled,Daily (2:00 AM),866,Success,Blazeclan,"0:14:26"
327,2026-03-07,Databricks,prod-gdo-fdh-workflow-okya,,Streaming,Okya,,Bronze,Scheduled,Hourly,648,Success,Blazeclan,"0:10:48"
328,2026-03-07,Databricks,prod-gdo-fdh-workflow-qmai-silver-product_goods,,,,,,Scheduled,Daily (3:00 AM),534,Success,Blazeclan,"0:08:54"
329,2026-03-07,Databricks,prod-gdo-fdh-workflow-qmai-silver,,Batch,QMAI,,Silver,Scheduled,Daily (3:00 AM),437,Success,Blazeclan,"0:07:17"
330,2026-03-07,Databricks,prod-gdo-fdh-workflow-okya,,Streaming,Okya,,Bronze,Scheduled,Hourly,632,Success,Blazeclan,"0:10:32"
331,2026-03-07,Databricks,prod-gdo-fdh-workflow-okya,,Streaming,Okya,,Bronze,Scheduled,Hourly,652,Success,Blazeclan,"0:10:52"
332,2026-03-07,Databricks,prod-gdo-fdh-daily-workflow-ironman-rdbms,,,,,,Scheduled,Daily (5:30 AM),783,Success,Blazeclan,"0:13:03"
333,2026-03-07,Databricks,prod-gdo-fdh-workflow-okya,,Streaming,Okya,,Bronze,Scheduled,Hourly,649,Success,Blazeclan,"0:10:49"
334,2026-03-07,Databricks,prod-gdo-fdh-workflow-okya,,Streaming,Okya,,Bronze,Scheduled,Hourly,630,Success,Blazeclan,"0:10:30"
335,2026-03-07,Databricks,prod-gdo-fdh-workflow-okya-silver,,,,,,Scheduled,Daily (7:24 AM),766,Success,Blazeclan,"0:12:46"
336,2026-03-07,Databricks,prod-gdo-fdh-workflow-okya,,Streaming,Okya,,Bronze,Scheduled,Hourly,648,Success,Blazeclan,"0:10:48"
337,2026-03-07,Databricks,prod-gdo-fdh-daily-workflow-qualtrics-api,,,,,,Scheduled,Daily (8:23 AM),860,Success,Blazeclan,"0:14:20"
338,2026-03-07,Databricks,prod-gdo-fdh-daily-workflow-okya-api,,Batch,Okya,,Bronze,Scheduled,Daily (8:23 AM),1411,Success,Blazeclan,"0:23:31"
339,2026-03-07,Databricks,prod-gdo-fdh-workflow-okya,,Streaming,Okya,,Bronze,Scheduled,Hourly,652,Success,Blazeclan,"0:10:52"
340,2026-03-07,Databricks,prod-gdo-fdh-workflow-ga-dtls-daily,,,,,,Scheduled,Daily (9:00 AM),659,Success,DXC,"0:10:59"
341,2026-03-07,Databricks,prod-gdo-fdh-workflow-ga-dtls-goal,,,,,,Scheduled,Daily (9:00 AM),690,Success,DXC,"0:11:30"
342,2026-03-07,Databricks,prod-gdo-fdh-workflow-qualtrics-silver,,,,,,Scheduled,Daily (9:00 AM),703,Success,Blazeclan,"0:11:43"
343,2026-03-07,Databricks,prod-gdo-fdh-workflow-okya,,Streaming,Okya,,Bronze,Scheduled,Hourly,642,Success,Blazeclan,"0:10:42"
344,2026-03-07,Databricks,prod-gdo-fdh-daily-workflow-tillster,,Batch,Tillster,,Bronze,Scheduled,Daily (10:23 AM),845,Success,Blazeclan,"0:14:05"
345,2026-03-07,Databricks,prod-gdo-fdh-grabfood-workflow,,,,,,Scheduled,Daily (10:30 AM),956,Success,TM,"0:15:56"
346,2026-03-07,Databricks,prod-gdo-fdh-workflow-foodpanda,,,,,,Scheduled,Daily (10:30 AM),914,Success,TM,"0:15:14"
347,2026-03-07,Databricks,prod-gdo-fdh-workflow-okya,,Streaming,Okya,,Bronze,Scheduled,Hourly,670,Success,Blazeclan,"0:11:10"
348,2026-03-07,Databricks,Daily Run - Freedompay,,,,,,Scheduled,Daily (10:00 AM),729,Success,GDO,"0:12:09"
349,2026-03-07,Databricks,prod-gdo-fdh-silver-okya-jb-user-address-job,,Batch,Okya,,Silver,Scheduled,Daily (11:30 AM),1146,Success,TA,"0:19:06"
350,2026-03-07,Databricks,prod-gdo-fdh-silver-okya-jb-order-tender-job,,Batch,Okya,,Silver,Scheduled,Daily (11:30 AM),1002,Success,TA,"0:16:42"
351,2026-03-07,Databricks,prod-gdo-fdh-silver-okya-jb-order-items-job,,Batch,Okya,,Silver,Scheduled,Daily (11:30 AM),887,Success,TA,"0:14:47"
352,2026-03-07,Databricks,prod-gdo-fdh-silver-okya-jb-order-staging-job,,Batch,Okya,,Silver,Scheduled,Daily (11:30 AM),1357,Success,TA,"0:22:37"
353,2026-03-07,Databricks,prod-gdo-fdh-silver-okya-jb-customer-workflow,,Batch,Okya,,Silver,Scheduled,Daily (11:30 AM),1294,Success,TA,"0:21:34"
354,2026-03-07,Databricks,prod-gdo-fdh-workflow-okya,,Streaming,Okya,,Bronze,Scheduled,Hourly,669,Success,Blazeclan,"0:11:09"
355,2026-03-07,Databricks,prod-gdo-fdh-silver-tillster-jb-order-staging-job,,Batch,Tillster,,Silver,Scheduled,Daily (12:00 PM),758,Success,TA,"0:12:38"
356,2026-03-07,Databricks,prod-gdo-fdh-silver-tillster-jb-customer-workflow,,Batch,Tillster,,Silver,Scheduled,Daily (12:00 PM),726,Success,TA,"0:12:06"
357,2026-03-07,Databricks,prod-gdo-fdh-silver-tillster-jb-order-tender-job,,Batch,Tillster,,Silver,Scheduled,Daily (12:00 PM),743,Success,TA,"0:12:23"
358,2026-03-07,Databricks,prod-gdo-fdh-silver-tillster-jb-order-items-job,,Batch,Tillster,,Silver,Scheduled,Daily (12:00 PM),652,Success,TA,"0:10:52"
359,2026-03-07,Databricks,prod-gdo-fdh-silver-okya-jb-deactivation-workflow,,Batch,Okya,,Silver,Scheduled,Daily (12:00 PM),2592,Failed,TA,"0:43:12"
360,2026-03-07,Databricks,prod-gdo-fdh-gold-archive-tables-job,,Batch,"Tillster, Okya",,Gold,Scheduled,Daily (12:30 PM),862,Success,TA,"0:14:22"
361,2026-03-07,Databricks,prod-gdo-fdh-workflow-okya,,Streaming,Okya,,Bronze,Scheduled,Hourly,632,Success,Blazeclan,"0:10:32"
362,2026-03-07,Databricks,prod-gdo-fdh-workflow-okya,,Streaming,Okya,,Bronze,Scheduled,Hourly,657,Success,Blazeclan,"0:10:57"
363,2026-03-07,Databricks,prod-gdo-fdh-workflow-okya,,Streaming,Okya,,Bronze,Scheduled,Hourly,639,Success,Blazeclan,"0:10:39"
364,2026-03-07,Databricks,prod-gdo-fdh-workflow-okya,,Streaming,Okya,,Bronze,Scheduled,Hourly,643,Success,Blazeclan,"0:10:43"
365,2026-03-07,Databricks,prod-gdo-fdh-workflow-okya,,Streaming,Okya,,Bronze,Scheduled,Hourly,652,Success,Blazeclan,"0:10:52"
366,2026-03-07,Databricks,fdh_workflow_gemm_trademarketinggroup,,,,,,Scheduled,Daily (5:00 PM),780,Success,GDO,"0:13:00"
367,2026-03-07,Databricks,fdh-workflow-gemm_storevisitresponses,,,,,,Scheduled,Daily (5:00 PM),843,Success,GDO,"0:14:03"
368,2026-03-07,Databricks,prod-gdo-fdh-workflow-okya,,Streaming,Okya,,Bronze,Scheduled,Hourly,646,Success,Blazeclan,"0:10:46"
369,2026-03-07,Databricks,prod-gdo-fdh-workflow-okya,,Streaming,Okya,,Bronze,Scheduled,Hourly,643,Success,Blazeclan,"0:10:43"
370,2026-03-07,Databricks,prod-gdo-fdh-workflow-okya,,Streaming,Okya,,Bronze,Scheduled,Hourly,641,Success,Blazeclan,"0:10:41"
371,2026-03-07,Databricks,prod-gdo-fdh-workflow-okya,,Streaming,Okya,,Bronze,Scheduled,Hourly,663,Success,Blazeclan,"0:11:03"
372,2026-03-07,Databricks,prod-gdo-fdh-workflow-okya,,Streaming,Okya,,Bronze,Scheduled,Hourly,639,Success,Blazeclan,"0:10:39"
373,2026-03-07,Databricks,prod-gdo-fdh-workflow-okya,,Streaming,Okya,,Bronze,Scheduled,Hourly,662,Success,Blazeclan,"0:11:02"
374,2026-03-08,Databricks,prod-gdo-fdh-workflow-okya,,Streaming,Okya,,Bronze,Scheduled,Hourly,641,Success,Blazeclan,"0:10:41"
375,2026-03-08,Databricks,prod-gdo-fdh-workflow-digital-performance,,,,,,Scheduled,Daily (12:30 AM) ,700,Failed,TM,"0:11:40"
376,2026-03-08,Databricks,prod-gdo-fdh-workflow-okya,,Streaming,Okya,,Bronze,Scheduled,Hourly,657,Success,Blazeclan,"0:10:57"
377,2026-03-08,Databricks,prod-gdo-fdh-workflow-okya,,Streaming,Okya,,Bronze,Scheduled,Hourly,664,Success,Blazeclan,"0:11:04"
378,2026-03-08,Databricks,prod-gdo-fdh-workflow-braze,,,,,,Scheduled,Daily (2:00 AM),1811,Success,TM,"0:30:11"
379,2026-03-08,Databricks,prod-gdo-fdh-workflow-qmai-bronze,,Streaming,QMAI,,Bronze,Scheduled,Daily (2:00 AM),900,Success,Blazeclan,"0:15:00"
380,2026-03-08,Databricks,prod-gdo-fdh-workflow-okya,,Streaming,Okya,,Bronze,Scheduled,Hourly,648,Success,Blazeclan,"0:10:48"
381,2026-03-08,Databricks,prod-gdo-fdh-workflow-qmai-silver-product_goods,,,,,,Scheduled,Daily (3:00 AM),526,Success,Blazeclan,"0:08:46"
382,2026-03-08,Databricks,prod-gdo-fdh-workflow-qmai-silver,,Batch,QMAI,,Silver,Scheduled,Daily (3:00 AM),540,Success,Blazeclan,"0:09:00"
383,2026-03-08,Databricks,prod-gdo-fdh-workflow-okya,,Streaming,Okya,,Bronze,Scheduled,Hourly,646,Success,Blazeclan,"0:10:46"
384,2026-03-08,Databricks,prod-gdo-fdh-workflow-okya,,Streaming,Okya,,Bronze,Scheduled,Hourly,626,Success,Blazeclan,"0:10:26"
385,2026-03-08,Databricks,prod-gdo-fdh-daily-workflow-ironman-rdbms,,,,,,Scheduled,Daily (5:30 AM),781,Success,Blazeclan,"0:13:01"
386,2026-03-08,Databricks,prod-gdo-fdh-workflow-okya,,Streaming,Okya,,Bronze,Scheduled,Hourly,643,Success,Blazeclan,"0:10:43"
387,2026-03-08,Databricks,prod-gdo-fdh-workflow-okya,,Streaming,Okya,,Bronze,Scheduled,Hourly,650,Success,Blazeclan,"0:10:50"
388,2026-03-08,Databricks,prod-gdo-fdh-workflow-okya-silver,,,,,,Scheduled,Daily (7:24 AM),771,Success,Blazeclan,"0:12:51"
389,2026-03-08,Databricks,prod-gdo-fdh-workflow-okya,,Streaming,Okya,,Bronze,Scheduled,Hourly,643,Success,Blazeclan,"0:10:43"
390,2026-03-08,Databricks,prod-gdo-fdh-daily-workflow-qualtrics-api,,,,,,Scheduled,Daily (8:23 AM),598,Failed,Blazeclan,"0:09:58"
391,2026-03-08,Databricks,prod-gdo-fdh-daily-workflow-okya-api,,Batch,Okya,,Bronze,Scheduled,Daily (8:23 AM),1392,Success,Blazeclan,"0:23:12"
392,2026-03-08,Databricks,prod-gdo-fdh-workflow-okya,,Streaming,Okya,,Bronze,Scheduled,Hourly,627,Success,Blazeclan,"0:10:27"
393,2026-03-08,Databricks,prod-gdo-fdh-workflow-ga-dtls-daily,,,,,,Scheduled,Daily (9:00 AM),620,Success,DXC,"0:10:20"
394,2026-03-08,Databricks,prod-gdo-fdh-workflow-ga-dtls-goal,,,,,,Scheduled,Daily (9:00 AM),631,Success,DXC,"0:10:31"
395,2026-03-08,Databricks,prod-gdo-fdh-workflow-qualtrics-silver,,,,,,Scheduled,Daily (9:00 AM),633,Success,Blazeclan,"0:10:33"
396,2026-03-08,Databricks,prod-gdo-fdh-workflow-okya,,Streaming,Okya,,Bronze,Scheduled,Hourly,633,Success,Blazeclan,"0:10:33"
397,2026-03-08,Databricks,prod-gdo-fdh-daily-workflow-tillster,,Batch,Tillster,,Bronze,Scheduled,Daily (10:23 AM),815,Success,Blazeclan,"0:13:35"
398,2026-03-08,Databricks,prod-gdo-fdh-grabfood-workflow,,,,,,Scheduled,Daily (10:30 AM),1082,Success,TM,"0:18:02"
399,2026-03-08,Databricks,prod-gdo-fdh-workflow-foodpanda,,,,,,Scheduled,Daily (10:30 AM),884,Success,TM,"0:14:44"
400,2026-03-08,Databricks,prod-gdo-fdh-workflow-okya,,Streaming,Okya,,Bronze,Scheduled,Hourly,633,Success,Blazeclan,"0:10:33"
401,2026-03-08,Databricks,Daily Run - Freedompay,,,,,,Scheduled,Daily (10:00 AM),706,Success,GDO,"0:11:46"
402,2026-03-08,Databricks,prod-gdo-fdh-silver-okya-jb-user-address-job,,Batch,Okya,,Silver,Scheduled,Daily (11:30 AM),969,Success,TA,"0:16:09"
403,2026-03-08,Databricks,prod-gdo-fdh-silver-okya-jb-order-tender-job,,Batch,Okya,,Silver,Scheduled,Daily (11:30 AM),768,Success,TA,"0:12:48"
404,2026-03-08,Databricks,prod-gdo-fdh-silver-okya-jb-order-items-job,,Batch,Okya,,Silver,Scheduled,Daily (11:30 AM),998,Success,TA,"0:16:38"
405,2026-03-08,Databricks,prod-gdo-fdh-silver-okya-jb-order-staging-job,,Batch,Okya,,Silver,Scheduled,Daily (11:30 AM),1235,Success,TA,"0:20:35"
406,2026-03-08,Databricks,prod-gdo-fdh-silver-okya-jb-customer-workflow,,Batch,Okya,,Silver,Scheduled,Daily (11:30 AM),1323,Success,TA,"0:22:03"
407,2026-03-08,Databricks,prod-gdo-fdh-workflow-okya,,Streaming,Okya,,Bronze,Scheduled,Hourly,636,Success,Blazeclan,"0:10:36"
408,2026-03-08,Databricks,prod-gdo-fdh-silver-tillster-jb-order-staging-job,,Batch,Tillster,,Silver,Scheduled,Daily (12:00 PM),691,Success,TA,"0:11:31"
409,2026-03-08,Databricks,prod-gdo-fdh-silver-tillster-jb-customer-workflow,,Batch,Tillster,,Silver,Scheduled,Daily (12:00 PM),726,Success,TA,"0:12:06"
410,2026-03-08,Databricks,prod-gdo-fdh-silver-tillster-jb-order-tender-job,,Batch,Tillster,,Silver,Scheduled,Daily (12:00 PM),759,Success,TA,"0:12:39"
411,2026-03-08,Databricks,prod-gdo-fdh-silver-tillster-jb-order-items-job,,Batch,Tillster,,Silver,Scheduled,Daily (12:00 PM),658,Success,TA,"0:10:58"
412,2026-03-08,Databricks,prod-gdo-fdh-silver-okya-jb-deactivation-workflow,,Batch,Okya,,Silver,Scheduled,Daily (12:00 PM),2558,Failed,TA,"0:42:38"
413,2026-03-08,Databricks,prod-gdo-fdh-gold-archive-tables-job,,Batch,"Tillster, Okya",,Gold,Scheduled,Daily (12:30 PM),833,Success,TA,"0:13:53"
414,2026-03-08,Databricks,prod-gdo-fdh-workflow-okya,,Streaming,Okya,,Bronze,Scheduled,Hourly,662,Success,Blazeclan,"0:11:02"
415,2026-03-08,Databricks,prod-gdo-fdh-workflow-okya,,Streaming,Okya,,Bronze,Scheduled,Hourly,638,Success,Blazeclan,"0:10:38"
416,2026-03-08,Databricks,prod-gdo-fdh-workflow-okya,,Streaming,Okya,,Bronze,Scheduled,Hourly,628,Success,Blazeclan,"0:10:28"
417,2026-03-08,Databricks,prod-gdo-fdh-workflow-okya,,Streaming,Okya,,Bronze,Scheduled,Hourly,636,Success,Blazeclan,"0:10:36"
418,2026-03-08,Databricks,prod-gdo-fdh-workflow-okya,,Streaming,Okya,,Bronze,Scheduled,Hourly,644,Success,Blazeclan,"0:10:44"
419,2026-03-08,Databricks,fdh_workflow_gemm_trademarketinggroup,,,,,,Scheduled,Daily (5:00 PM),671,Success,GDO,"0:11:11"
420,2026-03-08,Databricks,fdh-workflow-gemm_storevisitresponses,,,,,,Scheduled,Daily (5:00 PM),718,Success,GDO,"0:11:58"
421,2026-03-08,Databricks,prod-gdo-fdh-workflow-okya,,Streaming,Okya,,Bronze,Scheduled,Hourly,655,Success,Blazeclan,"0:10:55"
422,2026-03-08,Databricks,prod-gdo-fdh-workflow-okya,,Streaming,Okya,,Bronze,Scheduled,Hourly,642,Success,Blazeclan,"0:10:42"
423,2026-03-08,Databricks,prod-gdo-fdh-workflow-okya,,Streaming,Okya,,Bronze,Scheduled,Hourly,647,Success,Blazeclan,"0:10:47"
424,2026-03-08,Databricks,prod-gdo-fdh-workflow-okya,,Streaming,Okya,,Bronze,Scheduled,Hourly,649,Success,Blazeclan,"0:10:49"
425,2026-03-08,Databricks,prod-gdo-fdh-workflow-okya,,Streaming,Okya,,Bronze,Scheduled,Hourly,700,Success,Blazeclan,"0:11:40"
426,2026-03-08,Databricks,prod-gdo-fdh-workflow-okya,,Streaming,Okya,,Bronze,Scheduled,Hourly,846,Success,Blazeclan,"0:14:06"
427,2026-03-09,Databricks,prod-gdo-fdh-workflow-okya,,Streaming,Okya,,Bronze,Scheduled,Hourly,647,Success,Blazeclan,"0:10:47"
428,2026-03-09,Databricks,prod-gdo-fdh-workflow-digital-performance,,,,,,Scheduled,Daily (12:30 AM) ,964,Failed,TM,"0:16:04"
429,2026-03-09,Databricks,prod-gdo-fdh-workflow-okya,,Streaming,Okya,,Bronze,Scheduled,Hourly,653,Success,Blazeclan,"0:10:53"
430,2026-03-09,Databricks,prod-gdo-fdh-workflow-okya,,Streaming,Okya,,Bronze,Scheduled,Hourly,641,Success,Blazeclan,"0:10:41"
431,2026-03-09,Databricks,prod-gdo-fdh-workflow-braze,,,,,,Scheduled,Daily (2:00 AM),1437,Success,TM,"0:23:57"
432,2026-03-09,Databricks,prod-gdo-fdh-workflow-qmai-bronze,,Streaming,QMAI,,Bronze,Scheduled,Daily (2:00 AM),992,Success,Blazeclan,"0:16:32"
433,2026-03-09,Databricks,prod-gdo-fdh-workflow-okya,,Streaming,Okya,,Bronze,Scheduled,Hourly,630,Success,Blazeclan,"0:10:30"
434,2026-03-09,Databricks,prod-gdo-fdh-workflow-qmai-silver-product_goods,,,,,,Scheduled,Daily (3:00 AM),522,Success,Blazeclan,"0:08:42"
435,2026-03-09,Databricks,prod-gdo-fdh-workflow-qmai-silver,,Batch,QMAI,,Silver,Scheduled,Daily (3:00 AM),698,Success,Blazeclan,"0:11:38"
436,2026-03-09,Databricks,prod-gdo-fdh-workflow-okya,,Streaming,Okya,,Bronze,Scheduled,Hourly,619,Success,Blazeclan,"0:10:19"
437,2026-03-09,Databricks,prod-gdo-fdh-workflow-okya,,Streaming,Okya,,Bronze,Scheduled,Hourly,630,Success,Blazeclan,"0:10:30"
438,2026-03-09,Databricks,prod-gdo-fdh-daily-workflow-ironman-rdbms,,,,,,Scheduled,Daily (5:30 AM),776,Success,Blazeclan,"0:12:56"
439,2026-03-09,Databricks,prod-gdo-fdh-workflow-okya,,Streaming,Okya,,Bronze,Scheduled,Hourly,662,Success,Blazeclan,"0:11:02"
440,2026-03-09,Databricks,prod-gdo-fdh-workflow-okya,,Streaming,Okya,,Bronze,Scheduled,Hourly,629,Success,Blazeclan,"0:10:29"
441,2026-03-09,Databricks,prod-gdo-fdh-workflow-okya-silver,,,,,,Scheduled,Daily (7:24 AM),766,Success,Blazeclan,"0:12:46"
442,2026-03-09,Databricks,prod-gdo-fdh-workflow-okya,,Streaming,Okya,,Bronze,Scheduled,Hourly,630,Success,Blazeclan,"0:10:30"
443,2026-03-09,Databricks,prod-gdo-fdh-daily-workflow-qualtrics-api,,,,,,Scheduled,Daily (8:23 AM),614,Failed,Blazeclan,"0:10:14"
444,2026-03-09,Databricks,prod-gdo-fdh-daily-workflow-okya-api,,Batch,Okya,,Bronze,Scheduled,Daily (8:23 AM),1419,Success,Blazeclan,"0:23:39"
445,2026-03-09,Databricks,prod-gdo-fdh-workflow-okya,,Streaming,Okya,,Bronze,Scheduled,Hourly,635,Success,Blazeclan,"0:10:35"
446,2026-03-09,Databricks,prod-gdo-fdh-workflow-ga-dtls-daily,,,,,,Scheduled,Daily (9:00 AM),648,Success,DXC,"0:10:48"
447,2026-03-09,Databricks,prod-gdo-fdh-workflow-ga-dtls-goal,,,,,,Scheduled,Daily (9:00 AM),705,Success,DXC,"0:11:45"
448,2026-03-09,Databricks,prod-gdo-fdh-workflow-qualtrics-silver,,,,,,Scheduled,Daily (9:00 AM),625,Success,Blazeclan,"0:10:25"
449,2026-03-09,Databricks,prod-gdo-fdh-workflow-okya,,Streaming,Okya,,Bronze,Scheduled,Hourly,642,Success,Blazeclan,"0:10:42"
450,2026-03-09,Databricks,prod-gdo-fdh-daily-workflow-tillster,,Batch,Tillster,,Bronze,Scheduled,Daily (10:23 AM),810,Success,Blazeclan,"0:13:30"
451,2026-03-09,Databricks,prod-gdo-fdh-grabfood-workflow,,,,,,Scheduled,Daily (10:30 AM),978,Success,TM,"0:16:18"
452,2026-03-09,Databricks,prod-gdo-fdh-workflow-foodpanda,,,,,,Scheduled,Daily (10:30 AM),893,Success,TM,"0:14:53"
453,2026-03-09,Databricks,prod-gdo-fdh-workflow-okya,,Streaming,Okya,,Bronze,Scheduled,Hourly,634,Success,Blazeclan,"0:10:34"
454,2026-03-09,Databricks,Daily Run - Freedompay,,,,,,Scheduled,Daily (10:00 AM),732,Success,GDO,"0:12:12"
455,2026-03-09,Databricks,prod-gdo-fdh-silver-okya-jb-user-address-job,,Batch,Okya,,Silver,Scheduled,Daily (11:30 AM),911,Success,TA,"0:15:11"
456,2026-03-09,Databricks,prod-gdo-fdh-silver-okya-jb-order-tender-job,,Batch,Okya,,Silver,Scheduled,Daily (11:30 AM),919,Success,TA,"0:15:19"
457,2026-03-09,Databricks,prod-gdo-fdh-silver-okya-jb-order-items-job,,Batch,Okya,,Silver,Scheduled,Daily (11:30 AM),1109,Success,TA,"0:18:29"
458,2026-03-09,Databricks,prod-gdo-fdh-silver-okya-jb-order-staging-job,,Batch,Okya,,Silver,Scheduled,Daily (11:30 AM),1258,Success,TA,"0:20:58"
459,2026-03-09,Databricks,prod-gdo-fdh-silver-okya-jb-customer-workflow,,Batch,Okya,,Silver,Scheduled,Daily (11:30 AM),1135,Success,TA,"0:18:55"
460,2026-03-09,Databricks,prod-gdo-fdh-workflow-okya,,Streaming,Okya,,Bronze,Scheduled,Hourly,645,Success,Blazeclan,"0:10:45"
461,2026-03-09,Databricks,prod-gdo-fdh-silver-tillster-jb-order-staging-job,,Batch,Tillster,,Silver,Scheduled,Daily (12:00 PM),728,Success,TA,"0:12:08"
462,2026-03-09,Databricks,prod-gdo-fdh-silver-tillster-jb-customer-workflow,,Batch,Tillster,,Silver,Scheduled,Daily (12:00 PM),774,Success,TA,"0:12:54"
463,2026-03-09,Databricks,prod-gdo-fdh-silver-tillster-jb-order-tender-job,,Batch,Tillster,,Silver,Scheduled,Daily (12:00 PM),750,Success,TA,"0:12:30"
464,2026-03-09,Databricks,prod-gdo-fdh-silver-tillster-jb-order-items-job,,Batch,Tillster,,Silver,Scheduled,Daily (12:00 PM),659,Success,TA,"0:10:59"
465,2026-03-09,Databricks,prod-gdo-fdh-silver-okya-jb-deactivation-workflow,,Batch,Okya,,Silver,Scheduled,Daily (12:00 PM),2537,Failed,TA,"0:42:17"
466,2026-03-09,Databricks,prod-gdo-fdh-gold-archive-tables-job,,Batch,"Tillster, Okya",,Gold,Scheduled,Daily (12:30 PM),804,Success,TA,"0:13:24"
467,2026-03-09,Databricks,prod-gdo-fdh-workflow-okya,,Streaming,Okya,,Bronze,Scheduled,Hourly,663,Success,Blazeclan,"0:11:03"
468,2026-03-09,Databricks,prod-gdo-fdh-workflow-okya,,Streaming,Okya,,Bronze,Scheduled,Hourly,638,Success,Blazeclan,"0:10:38"
469,2026-03-09,Databricks,prod-gdo-fdh-workflow-okya,,Streaming,Okya,,Bronze,Scheduled,Hourly,631,Success,Blazeclan,"0:10:31"
470,2026-03-09,Databricks,prod-gdo-fdh-workflow-okya,,Streaming,Okya,,Bronze,Scheduled,Hourly,639,Success,Blazeclan,"0:10:39"
471,2026-03-09,Databricks,prod-gdo-fdh-workflow-okya,,Streaming,Okya,,Bronze,Scheduled,Hourly,628,Success,Blazeclan,"0:10:28"
472,2026-03-09,Databricks,fdh_workflow_gemm_trademarketinggroup,,,,,,Scheduled,Daily (5:00 PM),661,Success,GDO,"0:11:01"
473,2026-03-09,Databricks,fdh-workflow-gemm_storevisitresponses,,,,,,Scheduled,Daily (5:00 PM),714,Success,GDO,"0:11:54"
474,2026-03-09,Databricks,prod-gdo-fdh-workflow-okya,,Streaming,Okya,,Bronze,Scheduled,Hourly,657,Success,Blazeclan,"0:10:57"
475,2026-03-09,Databricks,prod-gdo-fdh-workflow-okya,,Streaming,Okya,,Bronze,Scheduled,Hourly,641,Success,Blazeclan,"0:10:41"
476,2026-03-09,Databricks,prod-gdo-fdh-workflow-okya,,Streaming,Okya,,Bronze,Scheduled,Hourly,634,Success,Blazeclan,"0:10:34"
477,2026-03-09,Databricks,prod-gdo-fdh-workflow-okya,,Streaming,Okya,,Bronze,Scheduled,Hourly,646,Success,Blazeclan,"0:10:46"
478,2026-03-09,Databricks,prod-gdo-fdh-workflow-okya,,Streaming,Okya,,Bronze,Scheduled,Hourly,631,Success,Blazeclan,"0:10:31"
479,2026-03-09,Databricks,prod-gdo-fdh-workflow-okya,,Streaming,Okya,,Bronze,Scheduled,Hourly,1797,Success,Blazeclan,"0:29:57"
480,2026-03-09,Databricks,prod-gdo-fdh-c360-pipeline,,Batch,"Tillster, Okya",,Gold,Scheduled,Weekly (Monday 2:00 PM),3113,Failed,TA,"0:51:53"
481,2026-03-10,Databricks,prod-gdo-fdh-workflow-okya,,Streaming,Okya,,Bronze,Scheduled,Hourly,638,Success,Blazeclan,"0:10:38"
482,2026-03-10,Databricks,prod-gdo-fdh-workflow-digital-performance,,,,,,Scheduled,Daily (12:30 AM) ,1031,Failed,TM,"0:17:11"
483,2026-03-10,Databricks,prod-gdo-fdh-workflow-okya,,Streaming,Okya,,Bronze,Scheduled,Hourly,636,Success,Blazeclan,"0:10:36"
484,2026-03-10,Databricks,prod-gdo-fdh-workflow-okya,,Streaming,Okya,,Bronze,Scheduled,Hourly,652,Success,Blazeclan,"0:10:52"
485,2026-03-10,Databricks,prod-gdo-fdh-workflow-braze,,,,,,Scheduled,Daily (2:00 AM),1871,Success,TM,"0:31:11"
486,2026-03-10,Databricks,prod-gdo-fdh-workflow-qmai-bronze,,Streaming,QMAI,,Bronze,Scheduled,Daily (2:00 AM),963,Success,Blazeclan,"0:16:03"
487,2026-03-10,Databricks,prod-gdo-fdh-workflow-okya,,Streaming,Okya,,Bronze,Scheduled,Hourly,623,Success,Blazeclan,"0:10:23"
488,2026-03-10,Databricks,prod-gdo-fdh-workflow-qmai-silver-product_goods,,,,,,Scheduled,Daily (3:00 AM),531,Success,Blazeclan,"0:08:51"
489,2026-03-10,Databricks,prod-gdo-fdh-workflow-qmai-silver,,Batch,QMAI,,Silver,Scheduled,Daily (3:00 AM),656,Success,Blazeclan,"0:10:56"
490,2026-03-10,Databricks,prod-gdo-fdh-workflow-okya,,Streaming,Okya,,Bronze,Scheduled,Hourly,682,Success,Blazeclan,"0:11:22"
491,2026-03-10,Databricks,prod-gdo-fdh-workflow-okya,,Streaming,Okya,,Bronze,Scheduled,Hourly,646,Success,Blazeclan,"0:10:46"
492,2026-03-10,Databricks,prod-gdo-fdh-daily-workflow-ironman-rdbms,,,,,,Scheduled,Daily (5:30 AM),773,Success,Blazeclan,"0:12:53"
493,2026-03-10,Databricks,prod-gdo-fdh-workflow-okya,,Streaming,Okya,,Bronze,Scheduled,Hourly,642,Success,Blazeclan,"0:10:42"
494,2026-03-10,Databricks,prod-gdo-fdh-workflow-okya,,Streaming,Okya,,Bronze,Scheduled,Hourly,630,Success,Blazeclan,"0:10:30"
495,2026-03-10,Databricks,prod-gdo-fdh-workflow-okya-silver,,,,,,Scheduled,Daily (7:24 AM),759,Success,Blazeclan,"0:12:39"
496,2026-03-10,Databricks,prod-gdo-fdh-workflow-okya,,Streaming,Okya,,Bronze,Scheduled,Hourly,652,Success,Blazeclan,"0:10:52"
497,2026-03-10,Databricks,prod-gdo-fdh-daily-workflow-qualtrics-api,,,,,,Scheduled,Daily (8:23 AM),615,Success,Blazeclan,"0:10:15"
498,2026-03-10,Databricks,prod-gdo-fdh-daily-workflow-okya-api,,Batch,Okya,,Bronze,Scheduled,Daily (8:23 AM),1388,Success,Blazeclan,"0:23:08"
499,2026-03-10,Databricks,prod-gdo-fdh-workflow-okya,,Streaming,Okya,,Bronze,Scheduled,Hourly,659,Success,Blazeclan,"0:10:59"
500,2026-03-10,Databricks,prod-gdo-fdh-workflow-ga-dtls-daily,,,,,,Scheduled,Daily (9:00 AM),668,Success,DXC,"0:11:08"
501,2026-03-10,Databricks,prod-gdo-fdh-workflow-ga-dtls-goal,,,,,,Scheduled,Daily (9:00 AM),696,Success,DXC,"0:11:36"
502,2026-03-10,Databricks,prod-gdo-fdh-workflow-qualtrics-silver,,,,,,Scheduled,Daily (9:00 AM),473,Success,Blazeclan,"0:07:53"
503,2026-03-10,Databricks,prod-gdo-fdh-workflow-okya,,Streaming,Okya,,Bronze,Scheduled,Hourly,539,Success,Blazeclan,"0:08:59"
504,2026-03-10,Databricks,prod-gdo-fdh-daily-workflow-tillster,,Batch,Tillster,,Bronze,Scheduled,Daily (10:23 AM),811,Success,Blazeclan,"0:13:31"
505,2026-03-10,Databricks,prod-gdo-fdh-grabfood-workflow,,,,,,Scheduled,Daily (10:30 AM),981,Success,TM,"0:16:21"
506,2026-03-10,Databricks,prod-gdo-fdh-workflow-foodpanda,,,,,,Scheduled,Daily (10:30 AM),892,Success,TM,"0:14:52"
507,2026-03-10,Databricks,prod-gdo-fdh-workflow-okya,,Streaming,Okya,,Bronze,Scheduled,Hourly,639,Success,Blazeclan,"0:10:39"
508,2026-03-10,Databricks,Daily Run - Freedompay,,,,,,Scheduled,Daily (10:00 AM),740,Success,GDO,"0:12:20"
509,2026-03-10,Databricks,prod-gdo-fdh-silver-okya-jb-user-address-job,,Batch,Okya,,Silver,Scheduled,Daily (11:30 AM),1090,Success,TA,"0:18:10"
510,2026-03-10,Databricks,prod-gdo-fdh-silver-okya-jb-order-tender-job,,Batch,Okya,,Silver,Scheduled,Daily (11:30 AM),855,Success,TA,"0:14:15"
511,2026-03-10,Databricks,prod-gdo-fdh-silver-okya-jb-order-items-job,,Batch,Okya,,Silver,Scheduled,Daily (11:30 AM),965,Success,TA,"0:16:05"
512,2026-03-10,Databricks,prod-gdo-fdh-silver-okya-jb-order-staging-job,,Batch,Okya,,Silver,Scheduled,Daily (11:30 AM),1149,Success,TA,"0:19:09"
513,2026-03-10,Databricks,prod-gdo-fdh-silver-okya-jb-customer-workflow,,Batch,Okya,,Silver,Scheduled,Daily (11:30 AM),1174,Success,TA,"0:19:34"
514,2026-03-10,Databricks,prod-gdo-fdh-workflow-okya,,Streaming,Okya,,Bronze,Scheduled,Hourly,656,Success,Blazeclan,"0:10:56"
515,2026-03-10,Databricks,prod-gdo-fdh-silver-tillster-jb-order-staging-job,,Batch,Tillster,,Silver,Scheduled,Daily (12:00 PM),787,Success,TA,"0:13:07"
516,2026-03-10,Databricks,prod-gdo-fdh-silver-tillster-jb-customer-workflow,,Batch,Tillster,,Silver,Scheduled,Daily (12:00 PM),700,Success,TA,"0:11:40"
517,2026-03-10,Databricks,prod-gdo-fdh-silver-tillster-jb-order-tender-job,,Batch,Tillster,,Silver,Scheduled,Daily (12:00 PM),752,Success,TA,"0:12:32"
518,2026-03-10,Databricks,prod-gdo-fdh-silver-tillster-jb-order-items-job,,Batch,Tillster,,Silver,Scheduled,Daily (12:00 PM),665,Success,TA,"0:11:05"
519,2026-03-10,Databricks,prod-gdo-fdh-silver-okya-jb-deactivation-workflow,,Batch,Okya,,Silver,Scheduled,Daily (12:00 PM),2179,Success,TA,"0:36:19"
520,2026-03-10,Databricks,prod-gdo-fdh-gold-archive-tables-job,,Batch,"Tillster, Okya",,Gold,Scheduled,Daily (12:30 PM),724,Success,TA,"0:12:04"
521,2026-03-10,Databricks,prod-gdo-fdh-workflow-okya,,Streaming,Okya,,Bronze,Scheduled,Hourly,646,Success,Blazeclan,"0:10:46"
522,2026-03-10,Databricks,prod-gdo-fdh-workflow-okya,,Streaming,Okya,,Bronze,Scheduled,Hourly,632,Success,Blazeclan,"0:10:32"
523,2026-03-10,Databricks,prod-gdo-fdh-workflow-okya,,Streaming,Okya,,Bronze,Scheduled,Hourly,641,Success,Blazeclan,"0:10:41"
524,2026-03-10,Databricks,prod-gdo-fdh-workflow-okya,,Streaming,Okya,,Bronze,Scheduled,Hourly,651,Success,Blazeclan,"0:10:51"
525,2026-03-10,Databricks,prod-gdo-fdh-workflow-okya,,Streaming,Okya,,Bronze,Scheduled,Hourly,671,Success,Blazeclan,"0:11:11"
526,2026-03-10,Databricks,fdh_workflow_gemm_trademarketinggroup,,,,,,Scheduled,Daily (5:00 PM),505,Failed,GDO,"0:08:25"
527,2026-03-10,Databricks,fdh-workflow-gemm_storevisitresponses,,,,,,Scheduled,Daily (5:00 PM),787,Success,GDO,"0:13:07"
528,2026-03-10,Databricks,prod-gdo-fdh-workflow-okya,,Streaming,Okya,,Bronze,Scheduled,Hourly,644,Success,Blazeclan,"0:10:44"
529,2026-03-10,Databricks,prod-gdo-fdh-workflow-okya,,Streaming,Okya,,Bronze,Scheduled,Hourly,640,Success,Blazeclan,"0:10:40"
530,2026-03-10,Databricks,prod-gdo-fdh-workflow-okya,,Streaming,Okya,,Bronze,Scheduled,Hourly,637,Success,Blazeclan,"0:10:37"
531,2026-03-10,Databricks,prod-gdo-fdh-workflow-okya,,Streaming,Okya,,Bronze,Scheduled,Hourly,641,Success,Blazeclan,"0:10:41"
532,2026-03-10,Databricks,prod-gdo-fdh-workflow-okya,,Streaming,Okya,,Bronze,Scheduled,Hourly,639,Success,Blazeclan,"0:10:39"
533,2026-03-10,Databricks,prod-gdo-fdh-workflow-okya,,Streaming,Okya,,Bronze,Scheduled,Hourly,645,Success,Blazeclan,"0:10:45"
534,2026-03-11,Databricks,prod-gdo-fdh-workflow-okya,,Streaming,Okya,,Bronze,Scheduled,Hourly,662,Success,Blazeclan,"0:11:02"
535,2026-03-11,Databricks,prod-gdo-fdh-workflow-digital-performance,,,,,,Scheduled,Daily (12:30 AM) ,1031,Failed,TM,"0:17:11"
536,2026-03-11,Databricks,prod-gdo-fdh-workflow-okya,,Streaming,Okya,,Bronze,Scheduled,Hourly,649,Success,Blazeclan,"0:10:49"
537,2026-03-11,Databricks,prod-gdo-fdh-workflow-okya,,Streaming,Okya,,Bronze,Scheduled,Hourly,646,Success,Blazeclan,"0:10:46"
538,2026-03-11,Databricks,prod-gdo-fdh-workflow-braze,,,,,,Scheduled,Daily (2:00 AM),1189,Success,TM,"0:19:49"
539,2026-03-11,Databricks,prod-gdo-fdh-workflow-qmai-bronze,,Streaming,QMAI,,Bronze,Scheduled,Daily (2:00 AM),1546,Failed,Blazeclan,"0:25:46"
540,2026-03-11,Databricks,prod-gdo-fdh-workflow-okya,,Streaming,Okya,,Bronze,Scheduled,Hourly,649,Success,Blazeclan,"0:10:49"
541,2026-03-11,Databricks,prod-gdo-fdh-workflow-qmai-silver-product_goods,,,,,,Scheduled,Daily (3:00 AM),526,Success,Blazeclan,"0:08:46"
542,2026-03-11,Databricks,prod-gdo-fdh-workflow-qmai-silver,,Batch,QMAI,,Silver,Scheduled,Daily (3:00 AM),508,Success,Blazeclan,"0:08:28"
543,2026-03-11,Databricks,prod-gdo-fdh-workflow-okya,,Streaming,Okya,,Bronze,Scheduled,Hourly,683,Success,Blazeclan,"0:11:23"
544,2026-03-11,Databricks,prod-gdo-fdh-workflow-okya,,Streaming,Okya,,Bronze,Scheduled,Hourly,656,Success,Blazeclan,"0:10:56"
545,2026-03-11,Databricks,prod-gdo-fdh-daily-workflow-ironman-rdbms,,,,,,Scheduled,Daily (5:30 AM),783,Success,Blazeclan,"0:13:03"
546,2026-03-11,Databricks,prod-gdo-fdh-workflow-okya,,Streaming,Okya,,Bronze,Scheduled,Hourly,669,Success,Blazeclan,"0:11:09"
547,2026-03-11,Databricks,prod-gdo-fdh-workflow-okya,,Streaming,Okya,,Bronze,Scheduled,Hourly,649,Success,Blazeclan,"0:10:49"
548,2026-03-11,Databricks,prod-gdo-fdh-workflow-okya-silver,,,,,,Scheduled,Daily (7:24 AM),667,Success,Blazeclan,"0:11:07"
549,2026-03-11,Databricks,prod-gdo-fdh-workflow-okya,,Streaming,Okya,,Bronze,Scheduled,Hourly,667,Success,Blazeclan,"0:11:07"
550,2026-03-11,Databricks,prod-gdo-fdh-daily-workflow-qualtrics-api,,,,,,Scheduled,Daily (8:23 AM),607,Failed,Blazeclan,"0:10:07"
551,2026-03-11,Databricks,prod-gdo-fdh-daily-workflow-okya-api,,Batch,Okya,,Bronze,Scheduled,Daily (8:23 AM),1418,Success,Blazeclan,"0:23:38"
552,2026-03-11,Databricks,prod-gdo-fdh-workflow-okya,,Streaming,Okya,,Bronze,Scheduled,Hourly,649,Success,Blazeclan,"0:10:49"
553,2026-03-11,Databricks,prod-gdo-fdh-workflow-ga-dtls-daily,,,,,,Scheduled,Daily (9:00 AM),660,Success,DXC,"0:11:00"
554,2026-03-11,Databricks,prod-gdo-fdh-workflow-ga-dtls-goal,,,,,,Scheduled,Daily (9:00 AM),686,Success,DXC,"0:11:26"
555,2026-03-11,Databricks,prod-gdo-fdh-workflow-qualtrics-silver,,,,,,Scheduled,Daily (9:00 AM),664,Success,Blazeclan,"0:11:04"
556,2026-03-11,Databricks,prod-gdo-fdh-workflow-okya,,Streaming,Okya,,Bronze,Scheduled,Hourly,666,Success,Blazeclan,"0:11:06"
557,2026-03-11,Databricks,prod-gdo-fdh-daily-workflow-tillster,,Batch,Tillster,,Bronze,Scheduled,Daily (10:23 AM),843,Success,Blazeclan,"0:14:03"
558,2026-03-11,Databricks,prod-gdo-fdh-grabfood-workflow,,,,,,Scheduled,Daily (10:30 AM),1001,Success,TM,"0:16:41"
559,2026-03-11,Databricks,prod-gdo-fdh-workflow-foodpanda,,,,,,Scheduled,Daily (10:30 AM),959,Success,TM,"0:15:59"
560,2026-03-11,Databricks,prod-gdo-fdh-workflow-okya,,Streaming,Okya,,Bronze,Scheduled,Hourly,648,Success,Blazeclan,"0:10:48"
561,2026-03-11,Databricks,Daily Run - Freedompay,,,,,,Scheduled,Daily (10:00 AM),737,Success,GDO,"0:12:17"
562,2026-03-11,Databricks,prod-gdo-fdh-silver-okya-jb-user-address-job,,Batch,Okya,,Silver,Scheduled,Daily (11:30 AM),1023,Success,TA,"0:17:03"
563,2026-03-11,Databricks,prod-gdo-fdh-silver-okya-jb-order-tender-job,,Batch,Okya,,Silver,Scheduled,Daily (11:30 AM),891,Success,TA,"0:14:51"
564,2026-03-11,Databricks,prod-gdo-fdh-silver-okya-jb-order-items-job,,Batch,Okya,,Silver,Scheduled,Daily (11:30 AM),1108,Success,TA,"0:18:28"
565,2026-03-11,Databricks,prod-gdo-fdh-silver-okya-jb-order-staging-job,,Batch,Okya,,Silver,Scheduled,Daily (11:30 AM),1268,Success,TA,"0:21:08"
566,2026-03-11,Databricks,prod-gdo-fdh-silver-okya-jb-customer-workflow,,Batch,Okya,,Silver,Scheduled,Daily (11:30 AM),1249,Success,TA,"0:20:49"
567,2026-03-11,Databricks,prod-gdo-fdh-workflow-okya,,Streaming,Okya,,Bronze,Scheduled,Hourly,655,Success,Blazeclan,"0:10:55"
568,2026-03-11,Databricks,prod-gdo-fdh-silver-tillster-jb-order-staging-job,,Batch,Tillster,,Silver,Scheduled,Daily (12:00 PM),731,Success,TA,"0:12:11"
569,2026-03-11,Databricks,prod-gdo-fdh-silver-tillster-jb-customer-workflow,,Batch,Tillster,,Silver,Scheduled,Daily (12:00 PM),841,Success,TA,"0:14:01"
570,2026-03-11,Databricks,prod-gdo-fdh-silver-tillster-jb-order-tender-job,,Batch,Tillster,,Silver,Scheduled,Daily (12:00 PM),753,Success,TA,"0:12:33"
571,2026-03-11,Databricks,prod-gdo-fdh-silver-tillster-jb-order-items-job,,Batch,Tillster,,Silver,Scheduled,Daily (12:00 PM),773,Success,TA,"0:12:53"
572,2026-03-11,Databricks,prod-gdo-fdh-silver-okya-jb-deactivation-workflow,,Batch,Okya,,Silver,Scheduled,Daily (12:00 PM),1955,Success,TA,"0:32:35"
573,2026-03-11,Databricks,prod-gdo-fdh-gold-archive-tables-job,,Batch,"Tillster, Okya",,Gold,Scheduled,Daily (12:30 PM),719,Success,TA,"0:11:59"
574,2026-03-11,Databricks,prod-gdo-fdh-workflow-okya,,Streaming,Okya,,Bronze,Scheduled,Hourly,667,Success,Blazeclan,"0:11:07"
575,2026-03-11,Databricks,prod-gdo-fdh-workflow-okya,,Streaming,Okya,,Bronze,Scheduled,Hourly,546,Success,Blazeclan,"0:09:06"
576,2026-03-11,Databricks,prod-gdo-fdh-workflow-okya,,Streaming,Okya,,Bronze,Scheduled,Hourly,643,Success,Blazeclan,"0:10:43"
577,2026-03-11,Databricks,prod-gdo-fdh-workflow-okya,,Streaming,Okya,,Bronze,Scheduled,Hourly,677,Success,Blazeclan,"0:11:17"
578,2026-03-11,Databricks,prod-gdo-fdh-workflow-okya,,Streaming,Okya,,Bronze,Scheduled,Hourly,530,Success,Blazeclan,"0:08:50"
579,2026-03-11,Databricks,fdh_workflow_gemm_trademarketinggroup,,,,,,Scheduled,Daily (5:00 PM),815,Success,GDO,"0:13:35"
580,2026-03-11,Databricks,fdh-workflow-gemm_storevisitresponses,,,,,,Scheduled,Daily (5:00 PM),875,Success,GDO,"0:14:35"
581,2026-03-11,Databricks,prod-gdo-fdh-workflow-okya,,Streaming,Okya,,Bronze,Scheduled,Hourly,766,Success,Blazeclan,"0:12:46"
582,2026-03-11,Databricks,prod-gdo-fdh-workflow-okya,,Streaming,Okya,,Bronze,Scheduled,Hourly,704,Success,Blazeclan,"0:11:44"
583,2026-03-11,Databricks,prod-gdo-fdh-workflow-okya,,Streaming,Okya,,Bronze,Scheduled,Hourly,658,Success,Blazeclan,"0:10:58"
584,2026-03-11,Databricks,prod-gdo-fdh-workflow-okya,,Streaming,Okya,,Bronze,Scheduled,Hourly,657,Success,Blazeclan,"0:10:57"
585,2026-03-11,Databricks,prod-gdo-fdh-workflow-okya,,Streaming,Okya,,Bronze,Scheduled,Hourly,646,Success,Blazeclan,"0:10:46"
586,2026-03-11,Databricks,prod-gdo-fdh-workflow-okya,,Streaming,Okya,,Bronze,Scheduled,Hourly,675,Success,Blazeclan,"0:11:15"
587,2026-03-12,Databricks,prod-gdo-fdh-workflow-digital-performance,,,,,,Scheduled,Daily (12:30 AM) ,5979,Success,TM,"1:39:39"
588,2026-03-12,Databricks,prod-gdo-fdh-workflow-okya,,Streaming,Okya,,Bronze,Scheduled,Hourly,654,Success,Blazeclan,"0:10:54"
589,2026-03-12,Databricks,prod-gdo-fdh-workflow-okya,,Streaming,Okya,,Bronze,Scheduled,Hourly,641,Success,Blazeclan,"0:10:41"
590,2026-03-12,Databricks,prod-gdo-fdh-workflow-braze,,,,,,Scheduled,Daily (2:00 AM),1271,Success,TM,"0:21:11"
591,2026-03-12,Databricks,prod-gdo-fdh-workflow-qmai-bronze,,Streaming,QMAI,,Bronze,Scheduled,Daily (2:00 AM),0,,Blazeclan,
592,2026-03-12,Databricks,prod-gdo-fdh-workflow-okya,,Streaming,Okya,,Bronze,Scheduled,Hourly,660,Success,Blazeclan,"0:11:00"
593,2026-03-12,Databricks,prod-gdo-fdh-workflow-qmai-silver-product_goods,,,,,,Scheduled,Daily (3:00 AM),534,Success,Blazeclan,"0:08:54"
594,2026-03-12,Databricks,prod-gdo-fdh-workflow-qmai-silver,,Batch,QMAI,,Silver,Scheduled,Daily (3:00 AM),522,Failed,Blazeclan,"0:08:42"
595,2026-03-12,Databricks,prod-gdo-fdh-workflow-okya,,Streaming,Okya,,Bronze,Scheduled,Hourly,635,Success,Blazeclan,"0:10:35"
596,2026-03-12,Databricks,prod-gdo-fdh-workflow-okya,,Streaming,Okya,,Bronze,Scheduled,Hourly,659,Success,Blazeclan,"0:10:59"
597,2026-03-12,Databricks,prod-gdo-fdh-daily-workflow-ironman-rdbms,,,,,,Scheduled,Daily (5:30 AM),743,Success,Blazeclan,"0:12:23"
598,2026-03-12,Databricks,prod-gdo-fdh-workflow-okya,,Streaming,Okya,,Bronze,Scheduled,Hourly,665,Success,Blazeclan,"0:11:05"
599,2026-03-12,Databricks,prod-gdo-fdh-workflow-okya,,Streaming,Okya,,Bronze,Scheduled,Hourly,671,Success,Blazeclan,"0:11:11"
600,2026-03-12,Databricks,prod-gdo-fdh-workflow-okya-silver,,,,,,Scheduled,Daily (7:24 AM),773,Success,Blazeclan,"0:12:53"
601,2026-03-12,Databricks,prod-gdo-fdh-workflow-okya,,Streaming,Okya,,Bronze,Scheduled,Hourly,657,Success,Blazeclan,"0:10:57"
602,2026-03-12,Databricks,prod-gdo-fdh-daily-workflow-qualtrics-api,,,,,,Scheduled,Daily (8:23 AM),833,Success,Blazeclan,"0:13:53"
603,2026-03-12,Databricks,prod-gdo-fdh-daily-workflow-okya-api,,Batch,Okya,,Bronze,Scheduled,Daily (8:23 AM),1414,Success,Blazeclan,"0:23:34"
604,2026-03-12,Databricks,prod-gdo-fdh-workflow-okya,,Streaming,Okya,,Bronze,Scheduled,Hourly,662,Success,Blazeclan,"0:11:02"
605,2026-03-12,Databricks,prod-gdo-fdh-workflow-ga-dtls-daily,,,,,,Scheduled,Daily (9:00 AM),678,Success,DXC,"0:11:18"
606,2026-03-12,Databricks,prod-gdo-fdh-workflow-ga-dtls-goal,,,,,,Scheduled,Daily (9:00 AM),679,Success,DXC,"0:11:19"
607,2026-03-12,Databricks,prod-gdo-fdh-workflow-qualtrics-silver,,,,,,Scheduled,Daily (9:00 AM),718,Success,Blazeclan,"0:11:58"
608,2026-03-12,Databricks,prod-gdo-fdh-workflow-okya,,Streaming,Okya,,Bronze,Scheduled,Hourly,657,Success,Blazeclan,"0:10:57"
609,2026-03-12,Databricks,prod-gdo-fdh-daily-workflow-tillster,,Batch,Tillster,,Bronze,Scheduled,Daily (10:23 AM),820,Success,Blazeclan,"0:13:40"
610,2026-03-12,Databricks,prod-gdo-fdh-grabfood-workflow,,,,,,Scheduled,Daily (10:30 AM),975,Success,TM,"0:16:15"
611,2026-03-12,Databricks,prod-gdo-fdh-workflow-foodpanda,,,,,,Scheduled,Daily (10:30 AM),962,Success,TM,"0:16:02"
612,2026-03-12,Databricks,prod-gdo-fdh-workflow-okya,,Streaming,Okya,,Bronze,Scheduled,Hourly,654,Success,Blazeclan,"0:10:54"
613,2026-03-12,Databricks,Daily Run - Freedompay,,,,,,Scheduled,Daily (10:00 AM),720,Success,GDO,"0:12:00"
614,2026-03-12,Databricks,prod-gdo-fdh-silver-okya-jb-user-address-job,,Batch,Okya,,Silver,Scheduled,Daily (11:30 AM),985,Success,TA,"0:16:25"
615,2026-03-12,Databricks,prod-gdo-fdh-silver-okya-jb-order-tender-job,,Batch,Okya,,Silver,Scheduled,Daily (11:30 AM),934,Success,TA,"0:15:34"
616,2026-03-12,Databricks,prod-gdo-fdh-silver-okya-jb-order-items-job,,Batch,Okya,,Silver,Scheduled,Daily (11:30 AM),1085,Success,TA,"0:18:05"
617,2026-03-12,Databricks,prod-gdo-fdh-silver-okya-jb-order-staging-job,,Batch,Okya,,Silver,Scheduled,Daily (11:30 AM),1215,Success,TA,"0:20:15"
618,2026-03-12,Databricks,prod-gdo-fdh-silver-okya-jb-customer-workflow,,Batch,Okya,,Silver,Scheduled,Daily (11:30 AM),1212,Success,TA,"0:20:12"
619,2026-03-12,Databricks,prod-gdo-fdh-workflow-okya,,Streaming,Okya,,Bronze,Scheduled,Hourly,668,Success,Blazeclan,"0:11:08"
620,2026-03-12,Databricks,prod-gdo-fdh-silver-tillster-jb-order-staging-job,,Batch,Tillster,,Silver,Scheduled,Daily (12:00 PM),814,Success,TA,"0:13:34"
621,2026-03-12,Databricks,prod-gdo-fdh-silver-tillster-jb-customer-workflow,,Batch,Tillster,,Silver,Scheduled,Daily (12:00 PM),755,Success,TA,"0:12:35"
622,2026-03-12,Databricks,prod-gdo-fdh-silver-tillster-jb-order-tender-job,,Batch,Tillster,,Silver,Scheduled,Daily (12:00 PM),730,Success,TA,"0:12:10"
623,2026-03-12,Databricks,prod-gdo-fdh-silver-tillster-jb-order-items-job,,Batch,Tillster,,Silver,Scheduled,Daily (12:00 PM),674,Success,TA,"0:11:14"
624,2026-03-12,Databricks,prod-gdo-fdh-silver-okya-jb-deactivation-workflow,,Batch,Okya,,Silver,Scheduled,Daily (12:00 PM),2231,Failed,TA,"0:37:11"
625,2026-03-12,Databricks,prod-gdo-fdh-gold-archive-tables-job,,Batch,"Tillster, Okya",,Gold,Scheduled,Daily (12:30 PM),791,Success,TA,"0:13:11"
626,2026-03-12,Databricks,prod-gdo-fdh-workflow-okya,,Streaming,Okya,,Bronze,Scheduled,Hourly,658,Success,Blazeclan,"0:10:58"
627,2026-03-12,Databricks,prod-gdo-fdh-workflow-okya,,Streaming,Okya,,Bronze,Scheduled,Hourly,726,Success,Blazeclan,"0:12:06"
628,2026-03-12,Databricks,prod-gdo-fdh-workflow-okya,,Streaming,Okya,,Bronze,Scheduled,Hourly,660,Success,Blazeclan,"0:11:00"
629,2026-03-12,Databricks,prod-gdo-fdh-workflow-okya,,Streaming,Okya,,Bronze,Scheduled,Hourly,645,Success,Blazeclan,"0:10:45"
630,2026-03-12,Databricks,prod-gdo-fdh-workflow-okya,,Streaming,Okya,,Bronze,Scheduled,Hourly,705,Success,Blazeclan,"0:11:45"
631,2026-03-12,Databricks,fdh_workflow_gemm_trademarketinggroup,,,,,,Scheduled,Daily (5:00 PM),686,Success,GDO,"0:11:26"
632,2026-03-12,Databricks,fdh-workflow-gemm_storevisitresponses,,,,,,Scheduled,Daily (5:00 PM),531,Failed,GDO,"0:08:51"
633,2026-03-12,Databricks,prod-gdo-fdh-workflow-okya,,Streaming,Okya,,Bronze,Scheduled,Hourly,657,Success,Blazeclan,"0:10:57"
634,2026-03-12,Databricks,prod-gdo-fdh-workflow-okya,,Streaming,Okya,,Bronze,Scheduled,Hourly,657,Success,Blazeclan,"0:10:57"
635,2026-03-12,Databricks,prod-gdo-fdh-workflow-okya,,Streaming,Okya,,Bronze,Scheduled,Hourly,660,Success,Blazeclan,"0:11:00"
636,2026-03-12,Databricks,prod-gdo-fdh-workflow-okya,,Streaming,Okya,,Bronze,Scheduled,Hourly,666,Success,Blazeclan,"0:11:06"
637,2026-03-12,Databricks,prod-gdo-fdh-workflow-okya,,Streaming,Okya,,Bronze,Scheduled,Hourly,630,Success,Blazeclan,"0:10:30"
638,2026-03-12,Databricks,prod-gdo-fdh-workflow-okya,,Streaming,Okya,,Bronze,Scheduled,Hourly,650,Success,Blazeclan,"0:10:50"
639,2026-03-12,Databricks,fdh_workflow_gemm_trademarketinggroup,,,,,,Manual Re-run,Daily (5:00 PM),636,Failed,GDO,"0:10:36"
640,2026-03-12,Databricks,fdh_workflow_gemm_trademarketinggroup,,,,,,Manual Re-run,Daily (5:00 PM),111,Failed,GDO,"0:01:51"
641,2026-03-12,Databricks,fdh_workflow_gemm_trademarketinggroup,,,,,,Manual Re-run,Daily (5:00 PM),252,Success,GDO,"0:04:12"
642,2026-03-12,Databricks,fdh_workflow_gemm_trademarketinggroup,,,,,,Manual Re-run,Daily (5:00 PM),536,Failed,GDO,"0:08:56"
643,2026-03-12,Databricks,fdh_workflow_gemm_trademarketinggroup,,,,,,Manual Re-run,Daily (5:00 PM),55,Failed,GDO,"0:00:55"
644,2026-03-12,Databricks,fdh_workflow_gemm_trademarketinggroup,,,,,,Manual Re-run,Daily (5:00 PM),230,Success,GDO,"0:03:50"
645,2026-03-13,Databricks,prod-gdo-fdh-workflow-okya,,Streaming,Okya,,Bronze,Scheduled,Hourly,661,Success,Blazeclan,"0:11:01"
646,2026-03-13,Databricks,prod-gdo-fdh-workflow-digital-performance,,,,,,Scheduled,Daily (12:30 AM) ,5746,Success,TM,"1:35:46"
647,2026-03-13,Databricks,prod-gdo-fdh-workflow-okya,,Streaming,Okya,,Bronze,Scheduled,Hourly,654,Success,Blazeclan,"0:10:54"
648,2026-03-13,Databricks,prod-gdo-fdh-workflow-okya,,Streaming,Okya,,Bronze,Scheduled,Hourly,631,Success,Blazeclan,"0:10:31"
649,2026-03-13,Databricks,prod-gdo-fdh-workflow-braze,,,,,,Scheduled,Daily (2:00 AM),1227,Success,TM,"0:20:27"
650,2026-03-13,Databricks,prod-gdo-fdh-workflow-qmai-bronze,,Streaming,QMAI,,Bronze,Scheduled,Daily (2:00 AM),0,Skipped,Blazeclan,
651,2026-03-13,Databricks,prod-gdo-fdh-workflow-okya,,Streaming,Okya,,Bronze,Scheduled,Hourly,659,Success,Blazeclan,"0:10:59"
652,2026-03-13,Databricks,prod-gdo-fdh-workflow-qmai-silver-product_goods,,,,,,Scheduled,Daily (3:00 AM),533,Success,Blazeclan,"0:08:53"
653,2026-03-13,Databricks,prod-gdo-fdh-workflow-qmai-silver,,Batch,QMAI,,Silver,Scheduled,Daily (3:00 AM),522,Failed,Blazeclan,"0:08:42"
654,2026-03-13,Databricks,prod-gdo-fdh-workflow-okya,,Streaming,Okya,,Bronze,Scheduled,Hourly,641,Success,Blazeclan,"0:10:41"
655,2026-03-13,Databricks,prod-gdo-fdh-workflow-okya,,Streaming,Okya,,Bronze,Scheduled,Hourly,670,Success,Blazeclan,"0:11:10"
656,2026-03-13,Databricks,prod-gdo-fdh-daily-workflow-ironman-rdbms,,,,,,Scheduled,Daily (5:30 AM),792,Success,Blazeclan,"0:13:12"
657,2026-03-13,Databricks,prod-gdo-fdh-workflow-okya,,Streaming,Okya,,Bronze,Scheduled,Hourly,678,Success,Blazeclan,"0:11:18"
658,2026-03-13,Databricks,prod-gdo-fdh-workflow-okya,,Streaming,Okya,,Bronze,Scheduled,Hourly,650,Success,Blazeclan,"0:10:50"
659,2026-03-13,Databricks,prod-gdo-fdh-workflow-okya-silver,,,,,,Scheduled,Daily (7:24 AM),788,Success,Blazeclan,"0:13:08"
660,2026-03-13,Databricks,prod-gdo-fdh-workflow-okya,,Streaming,Okya,,Bronze,Scheduled,Hourly,658,Success,Blazeclan,"0:10:58"
661,2026-03-13,Databricks,prod-gdo-fdh-daily-workflow-qualtrics-api,,,,,,Scheduled,Daily (8:23 AM),822,Success,Blazeclan,"0:13:42"
662,2026-03-13,Databricks,prod-gdo-fdh-daily-workflow-okya-api,,Batch,Okya,,Bronze,Scheduled,Daily (8:23 AM),1397,Success,Blazeclan,"0:23:17"
663,2026-03-13,Databricks,prod-gdo-fdh-workflow-okya,,Streaming,Okya,,Bronze,Scheduled,Hourly,645,Success,Blazeclan,"0:10:45"
664,2026-03-13,Databricks,prod-gdo-fdh-workflow-ga-dtls-daily,,,,,,Scheduled,Daily (9:00 AM),682,Success,DXC,"0:11:22"
665,2026-03-13,Databricks,prod-gdo-fdh-workflow-ga-dtls-goal,,,,,,Scheduled,Daily (9:00 AM),675,Success,DXC,"0:11:15"
666,2026-03-13,Databricks,prod-gdo-fdh-workflow-qualtrics-silver,,,,,,Scheduled,Daily (9:00 AM),542,Success,Blazeclan,"0:09:02"
667,2026-03-13,Databricks,prod-gdo-fdh-workflow-okya,,Streaming,Okya,,Bronze,Scheduled,Hourly,678,Success,Blazeclan,"0:11:18"
668,2026-03-13,Databricks,prod-gdo-fdh-daily-workflow-tillster,,Batch,Tillster,,Bronze,Scheduled,Daily (10:23 AM),814,Success,Blazeclan,"0:13:34"
669,2026-03-13,Databricks,prod-gdo-fdh-grabfood-workflow,,,,,,Scheduled,Daily (10:30 AM),1026,Success,TM,"0:17:06"
670,2026-03-13,Databricks,prod-gdo-fdh-workflow-foodpanda,,,,,,Scheduled,Daily (10:30 AM),963,Success,TM,"0:16:03"
671,2026-03-13,Databricks,prod-gdo-fdh-workflow-okya,,Streaming,Okya,,Bronze,Scheduled,Hourly,695,Success,Blazeclan,"0:11:35"
672,2026-03-13,Databricks,Daily Run - Freedompay,,,,,,Scheduled,Daily (10:00 AM),772,Success,GDO,"0:12:52"
673,2026-03-13,Databricks,prod-gdo-fdh-silver-okya-jb-user-address-job,,Batch,Okya,,Silver,Scheduled,Daily (11:30 AM),1044,Success,TA,"0:17:24"
674,2026-03-13,Databricks,prod-gdo-fdh-silver-okya-jb-order-tender-job,,Batch,Okya,,Silver,Scheduled,Daily (11:30 AM),892,Success,TA,"0:14:52"
675,2026-03-13,Databricks,prod-gdo-fdh-silver-okya-jb-order-items-job,,Batch,Okya,,Silver,Scheduled,Daily (11:30 AM),1061,Success,TA,"0:17:41"
676,2026-03-13,Databricks,prod-gdo-fdh-silver-okya-jb-order-staging-job,,Batch,Okya,,Silver,Scheduled,Daily (11:30 AM),1386,Success,TA,"0:23:06"
677,2026-03-13,Databricks,prod-gdo-fdh-silver-okya-jb-customer-workflow,,Batch,Okya,,Silver,Scheduled,Daily (11:30 AM),1242,Success,TA,"0:20:42"
678,2026-03-13,Databricks,prod-gdo-fdh-workflow-okya,,Streaming,Okya,,Bronze,Scheduled,Hourly,648,Success,Blazeclan,"0:10:48"
679,2026-03-13,Databricks,prod-gdo-fdh-silver-tillster-jb-order-staging-job,,Batch,Tillster,,Silver,Scheduled,Daily (12:00 PM),662,Success,TA,"0:11:02"
680,2026-03-13,Databricks,prod-gdo-fdh-silver-tillster-jb-customer-workflow,,Batch,Tillster,,Silver,Scheduled,Daily (12:00 PM),885,Success,TA,"0:14:45"
681,2026-03-13,Databricks,prod-gdo-fdh-silver-tillster-jb-order-tender-job,,Batch,Tillster,,Silver,Scheduled,Daily (12:00 PM),633,Success,TA,"0:10:33"
682,2026-03-13,Databricks,prod-gdo-fdh-silver-tillster-jb-order-items-job,,Batch,Tillster,,Silver,Scheduled,Daily (12:00 PM),669,Success,TA,"0:11:09"
683,2026-03-13,Databricks,prod-gdo-fdh-silver-okya-jb-deactivation-workflow,,Batch,Okya,,Silver,Scheduled,Daily (12:00 PM),2526,Failed,TA,"0:42:06"
684,2026-03-13,Databricks,prod-gdo-fdh-gold-archive-tables-job,,Batch,"Tillster, Okya",,Gold,Scheduled,Daily (12:30 PM),802,Success,TA,"0:13:22"
685,2026-03-13,Databricks,prod-gdo-fdh-workflow-okya,,Streaming,Okya,,Bronze,Scheduled,Hourly,687,Success,Blazeclan,"0:11:27"
686,2026-03-13,Databricks,prod-gdo-fdh-workflow-okya,,Streaming,Okya,,Bronze,Scheduled,Hourly,681,Success,Blazeclan,"0:11:21"
687,2026-03-13,Databricks,prod-gdo-fdh-workflow-okya,,Streaming,Okya,,Bronze,Scheduled,Hourly,658,Success,Blazeclan,"0:10:58"
688,2026-03-13,Databricks,prod-gdo-fdh-workflow-okya,,Streaming,Okya,,Bronze,Scheduled,Hourly,630,Success,Blazeclan,"0:10:30"
689,2026-03-13,Databricks,prod-gdo-fdh-workflow-okya,,Streaming,Okya,,Bronze,Scheduled,Hourly,670,Success,Blazeclan,"0:11:10"
690,2026-03-13,Databricks,fdh_workflow_gemm_trademarketinggroup,,,,,,Scheduled,Daily (5:00 PM),713,Success,GDO,"0:11:53"
691,2026-03-13,Databricks,fdh-workflow-gemm_storevisitresponses,,,,,,Scheduled,Daily (5:00 PM),798,Success,GDO,"0:13:18"
692,2026-03-13,Databricks,prod-gdo-fdh-workflow-okya,,Streaming,Okya,,Bronze,Scheduled,Hourly,662,Success,Blazeclan,"0:11:02"
693,2026-03-13,Databricks,prod-gdo-fdh-workflow-okya,,Streaming,Okya,,Bronze,Scheduled,Hourly,634,Success,Blazeclan,"0:10:34"
694,2026-03-13,Databricks,prod-gdo-fdh-workflow-okya,,Streaming,Okya,,Bronze,Scheduled,Hourly,687,Success,Blazeclan,"0:11:27"
695,2026-03-13,Databricks,prod-gdo-fdh-workflow-okya,,Streaming,Okya,,Bronze,Scheduled,Hourly,674,Success,Blazeclan,"0:11:14"
696,2026-03-13,Databricks,prod-gdo-fdh-workflow-okya,,Streaming,Okya,,Bronze,Scheduled,Hourly,0,,Blazeclan,
697,2026-03-13,Databricks,prod-gdo-fdh-workflow-okya,,Streaming,Okya,,Bronze,Scheduled,Hourly,0,,Blazeclan,
698,2026-03-13,Databricks,fdh_workflow_gemm_trademarketinggroup,,,,,,Manual Re-run,Daily (5:00 PM),628,Success,GDO,"0:10:28"
699,2026-03-01,Databricks,prod-gdo-fdh-workflow-okya,,Streaming,Okya,,Bronze,Scheduled,Hourly,657,Success,Blazeclan,"0:10:57"
700,2026-03-01,Databricks,prod-gdo-fdh-workflow-digital-performance,,,,,,Scheduled,Daily (12:30 AM) ,642,Failed,TM,"0:10:42"
701,2026-03-01,Databricks,prod-gdo-fdh-workflow-okya,,Streaming,Okya,,Bronze,Scheduled,Hourly,656,Success,Blazeclan,"0:10:56"
702,2026-03-01,Databricks,prod-gdo-fdh-workflow-okya,,Streaming,Okya,,Bronze,Scheduled,Hourly,632,Success,Blazeclan,"0:10:32"
703,2026-03-01,Databricks,prod-gdo-fdh-workflow-braze,,,,,,Scheduled,Daily (2:00 AM),1327,Success,TM,"0:22:07"
704,2026-03-01,Databricks,prod-gdo-fdh-workflow-qmai-bronze,,Streaming,QMAI,,Bronze,Scheduled,Daily (2:00 AM),908,Success,Blazeclan,"0:15:08"
705,2026-03-01,Databricks,prod-gdo-fdh-workflow-okya,,Streaming,Okya,,Bronze,Scheduled,Hourly,643,Success,Blazeclan,"0:10:43"
706,2026-03-01,Databricks,prod-gdo-fdh-workflow-qmai-silver-product_goods,,,,,,Scheduled,Daily (3:00 AM),526,Success,Blazeclan,"0:08:46"
707,2026-03-01,Databricks,prod-gdo-fdh-workflow-qmai-silver,,Batch,QMAI,,Silver,Scheduled,Daily (3:00 AM),497,Success,Blazeclan,"0:08:17"
708,2026-03-01,Databricks,prod-gdo-fdh-workflow-okya,,Streaming,Okya,,Bronze,Scheduled,Hourly,624,Success,Blazeclan,"0:10:24"
709,2026-03-01,Databricks,prod-gdo-fdh-workflow-okya,,Streaming,Okya,,Bronze,Scheduled,Hourly,643,Success,Blazeclan,"0:10:43"
710,2026-03-01,Databricks,prod-gdo-fdh-daily-workflow-ironman-rdbms,,,,,,Scheduled,Daily (5:30 AM),780,Success,Blazeclan,"0:13:00"
711,2026-03-01,Databricks,prod-gdo-fdh-workflow-okya,,Streaming,Okya,,Bronze,Scheduled,Hourly,642,Success,Blazeclan,"0:10:42"
712,2026-03-01,Databricks,prod-gdo-fdh-workflow-okya,,Streaming,Okya,,Bronze,Scheduled,Hourly,637,Success,Blazeclan,"0:10:37"
713,2026-03-01,Databricks,prod-gdo-fdh-workflow-okya-silver,,,,,,Scheduled,Daily (7:24 AM),769,Success,Blazeclan,"0:12:49"
714,2026-03-01,Databricks,prod-gdo-fdh-workflow-okya,,Streaming,Okya,,Bronze,Scheduled,Hourly,637,Success,Blazeclan,"0:10:37"
715,2026-03-01,Databricks,prod-gdo-fdh-daily-workflow-qualtrics-api,,,,,,Scheduled,Daily (8:23 AM),841,Success,Blazeclan,"0:14:01"
716,2026-03-01,Databricks,prod-gdo-fdh-daily-workflow-okya-api,,Batch,Okya,,Bronze,Scheduled,Daily (8:23 AM),1379,Success,Blazeclan,"0:22:59"
717,2026-03-01,Databricks,prod-gdo-fdh-workflow-okya,,Streaming,Okya,,Bronze,Scheduled,Hourly,631,Success,Blazeclan,"0:10:31"
718,2026-03-01,Databricks,prod-gdo-fdh-workflow-ga-dtls-daily,,,,,,Scheduled,Daily (9:00 AM),638,Success,DXC,"0:10:38"
719,2026-03-01,Databricks,prod-gdo-fdh-workflow-ga-dtls-goal,,,,,,Scheduled,Daily (9:00 AM),666,Success,DXC,"0:11:06"
720,2026-03-01,Databricks,prod-gdo-fdh-workflow-qualtrics-silver,,,,,,Scheduled,Daily (9:00 AM),539,Success,Blazeclan,"0:08:59"
721,2026-03-01,Databricks,prod-gdo-fdh-workflow-okya,,Streaming,Okya,,Bronze,Scheduled,Hourly,675,Success,Blazeclan,"0:11:15"
722,2026-03-01,Databricks,prod-gdo-fdh-daily-workflow-tillster,,Batch,Tillster,,Bronze,Scheduled,Daily (10:23 AM),811,Success,Blazeclan,"0:13:31"
723,2026-03-01,Databricks,prod-gdo-fdh-grabfood-workflow,,,,,,Scheduled,Daily (10:30 AM),949,Success,TM,"0:15:49"
724,2026-03-01,Databricks,prod-gdo-fdh-workflow-foodpanda,,,,,,Scheduled,Daily (10:30 AM),891,Success,TM,"0:14:51"
725,2026-03-01,Databricks,prod-gdo-fdh-workflow-okya,,Streaming,Okya,,Bronze,Scheduled,Hourly,670,Success,Blazeclan,"0:11:10"
726,2026-03-01,Databricks,prod-gdo-fdh-silver-okya-jb-user-address-job,,Batch,Okya,,Silver,Scheduled,Daily (11:30 AM),1062,Success,TA,"0:17:42"
727,2026-03-01,Databricks,prod-gdo-fdh-silver-okya-jb-order-tender-job,,Batch,Okya,,Silver,Scheduled,Daily (11:30 AM),758,Success,TA,"0:12:38"
728,2026-03-01,Databricks,prod-gdo-fdh-silver-okya-jb-order-items-job,,Batch,Okya,,Silver,Scheduled,Daily (11:30 AM),906,Success,TA,"0:15:06"
729,2026-03-01,Databricks,prod-gdo-fdh-silver-okya-jb-order-staging-job,,Batch,Okya,,Silver,Scheduled,Daily (11:30 AM),1314,Success,TA,"0:21:54"
730,2026-03-01,Databricks,prod-gdo-fdh-silver-okya-jb-customer-workflow,,Batch,Okya,,Silver,Scheduled,Daily (11:30 AM),1214,Success,TA,"0:20:14"
731,2026-03-01,Databricks,prod-gdo-fdh-workflow-okya,,Streaming,Okya,,Bronze,Scheduled,Hourly,640,Success,Blazeclan,"0:10:40"
732,2026-03-01,Databricks,prod-gdo-fdh-silver-tillster-jb-order-staging-job,,Batch,Tillster,,Silver,Scheduled,Daily (12:00 PM),802,Success,TA,"0:13:22"
733,2026-03-01,Databricks,prod-gdo-fdh-silver-tillster-jb-customer-workflow,,Batch,Tillster,,Silver,Scheduled,Daily (12:00 PM),814,Success,TA,"0:13:34"
734,2026-03-01,Databricks,prod-gdo-fdh-silver-tillster-jb-order-tender-job,,Batch,Tillster,,Silver,Scheduled,Daily (12:00 PM),636,Success,TA,"0:10:36"
735,2026-03-01,Databricks,prod-gdo-fdh-silver-tillster-jb-order-items-job,,Batch,Tillster,,Silver,Scheduled,Daily (12:00 PM),739,Success,TA,"0:12:19"
736,2026-03-01,Databricks,prod-gdo-fdh-silver-okya-jb-deactivation-workflow,,Batch,Okya,,Silver,Scheduled,Daily (12:00 PM),2078,Failed,TA,"0:34:38"
737,2026-03-01,Databricks,prod-gdo-fdh-gold-archive-tables-job,,Batch,"Tillster, Okya",,Gold,Scheduled,Daily (12:30 PM),726,Success,TA,"0:12:06"
738,2026-03-01,Databricks,prod-gdo-fdh-workflow-okya,,Streaming,Okya,,Bronze,Scheduled,Hourly,621,Success,Blazeclan,"0:10:21"
739,2026-03-01,Databricks,prod-gdo-fdh-workflow-okya,,Streaming,Okya,,Bronze,Scheduled,Hourly,640,Success,Blazeclan,"0:10:40"
740,2026-03-01,Databricks,prod-gdo-fdh-workflow-okya,,Streaming,Okya,,Bronze,Scheduled,Hourly,635,Success,Blazeclan,"0:10:35"
741,2026-03-01,Databricks,prod-gdo-fdh-workflow-okya,,Streaming,Okya,,Bronze,Scheduled,Hourly,667,Success,Blazeclan,"0:11:07"
742,2026-03-01,Databricks,prod-gdo-fdh-workflow-okya,,Streaming,Okya,,Bronze,Scheduled,Hourly,643,Success,Blazeclan,"0:10:43"
743,2026-03-01,Databricks,fdh_workflow_gemm_trademarketinggroup,,,,,,Scheduled,Daily (5:00 PM),672,Success,GDO,"0:11:12"
744,2026-03-01,Databricks,fdh-workflow-gemm_storevisitresponses,,,,,,Scheduled,Daily (5:00 PM),722,Success,GDO,"0:12:02"
745,2026-03-01,Databricks,prod-gdo-fdh-workflow-okya,,Streaming,Okya,,Bronze,Scheduled,Hourly,643,Success,Blazeclan,"0:10:43"
746,2026-03-01,Databricks,prod-gdo-fdh-workflow-okya,,Streaming,Okya,,Bronze,Scheduled,Hourly,631,Success,Blazeclan,"0:10:31"
747,2026-03-01,Databricks,prod-gdo-fdh-workflow-okya,,Streaming,Okya,,Bronze,Scheduled,Hourly,1500,Success,Blazeclan,"0:25:00"
748,2026-03-01,Databricks,prod-gdo-fdh-workflow-okya,,Streaming,Okya,,Bronze,Scheduled,Hourly,624,Success,Blazeclan,"0:10:24"
749,2026-03-01,Databricks,prod-gdo-fdh-workflow-okya,,Streaming,Okya,,Bronze,Scheduled,Hourly,645,Success,Blazeclan,"0:10:45"
750,2026-03-01,Databricks,prod-gdo-fdh-workflow-okya,,Streaming,Okya,,Bronze,Scheduled,Hourly,659,Success,Blazeclan,"0:10:59"
751,2026-03-02,Databricks,prod-gdo-fdh-workflow-okya,,Streaming,Okya,,Bronze,Scheduled,Hourly,660,Success,Blazeclan,"0:11:00"
752,2026-03-02,Databricks,prod-gdo-fdh-workflow-digital-performance,,,,,,Scheduled,Daily (12:30 AM) ,631,Failed,TM,"0:10:31"
753,2026-03-02,Databricks,prod-gdo-fdh-workflow-okya,,Streaming,Okya,,Bronze,Scheduled,Hourly,639,Success,Blazeclan,"0:10:39"
754,2026-03-02,Databricks,prod-gdo-fdh-workflow-okya,,Streaming,Okya,,Bronze,Scheduled,Hourly,655,Success,Blazeclan,"0:10:55"
755,2026-03-02,Databricks,prod-gdo-fdh-workflow-braze,,,,,,Scheduled,Daily (2:00 AM),1310,Success,TM,"0:21:50"
756,2026-03-02,Databricks,prod-gdo-fdh-workflow-qmai-bronze,,Streaming,QMAI,,Bronze,Scheduled,Daily (2:00 AM),801,Success,Blazeclan,"0:13:21"
757,2026-03-02,Databricks,prod-gdo-fdh-workflow-okya,,Streaming,Okya,,Bronze,Scheduled,Hourly,631,Success,Blazeclan,"0:10:31"
758,2026-03-02,Databricks,prod-gdo-fdh-workflow-qmai-silver-product_goods,,,,,,Scheduled,Daily (3:00 AM),525,Success,Blazeclan,"0:08:45"
759,2026-03-02,Databricks,prod-gdo-fdh-workflow-qmai-silver,,Batch,QMAI,,Silver,Scheduled,Daily (3:00 AM),434,Success,Blazeclan,"0:07:14"
760,2026-03-02,Databricks,prod-gdo-fdh-workflow-okya,,Streaming,Okya,,Bronze,Scheduled,Hourly,680,Success,Blazeclan,"0:11:20"
761,2026-03-02,Databricks,prod-gdo-fdh-workflow-okya,,Streaming,Okya,,Bronze,Scheduled,Hourly,690,Success,Blazeclan,"0:11:30"
762,2026-03-02,Databricks,prod-gdo-fdh-daily-workflow-ironman-rdbms,,,,,,Scheduled,Daily (5:30 AM),765,Success,Blazeclan,"0:12:45"
763,2026-03-02,Databricks,prod-gdo-fdh-workflow-okya,,Streaming,Okya,,Bronze,Scheduled,Hourly,633,Success,Blazeclan,"0:10:33"
764,2026-03-02,Databricks,prod-gdo-fdh-workflow-okya,,Streaming,Okya,,Bronze,Scheduled,Hourly,651,Success,Blazeclan,"0:10:51"
765,2026-03-02,Databricks,prod-gdo-fdh-workflow-okya-silver,,,,,,Scheduled,Daily (7:24 AM),760,Success,Blazeclan,"0:12:40"
766,2026-03-02,Databricks,prod-gdo-fdh-workflow-okya,,Streaming,Okya,,Bronze,Scheduled,Hourly,630,Success,Blazeclan,"0:10:30"
767,2026-03-02,Databricks,prod-gdo-fdh-daily-workflow-qualtrics-api,,,,,,Scheduled,Daily (8:23 AM),831,Success,Blazeclan,"0:13:51"
768,2026-03-02,Databricks,prod-gdo-fdh-daily-workflow-okya-api,,Batch,Okya,,Bronze,Scheduled,Daily (8:23 AM),1391,Success,Blazeclan,"0:23:11"
769,2026-03-02,Databricks,prod-gdo-fdh-workflow-okya,,Streaming,Okya,,Bronze,Scheduled,Hourly,630,Success,Blazeclan,"0:10:30"
770,2026-03-02,Databricks,prod-gdo-fdh-workflow-ga-dtls-daily,,,,,,Scheduled,Daily (9:00 AM),647,Success,DXC,"0:10:47"
771,2026-03-02,Databricks,prod-gdo-fdh-workflow-ga-dtls-goal,,,,,,Scheduled,Daily (9:00 AM),675,Success,DXC,"0:11:15"
772,2026-03-02,Databricks,prod-gdo-fdh-workflow-qualtrics-silver,,,,,,Scheduled,Daily (9:00 AM),535,Success,Blazeclan,"0:08:55"
773,2026-03-02,Databricks,prod-gdo-fdh-workflow-okya,,Streaming,Okya,,Bronze,Scheduled,Hourly,640,Success,Blazeclan,"0:10:40"
774,2026-03-02,Databricks,prod-gdo-fdh-daily-workflow-tillster,,Batch,Tillster,,Bronze,Scheduled,Daily (10:23 AM),797,Success,Blazeclan,"0:13:17"
775,2026-03-02,Databricks,prod-gdo-fdh-grabfood-workflow,,,,,,Scheduled,Daily (10:30 AM),733,Success,TM,"0:12:13"
776,2026-03-02,Databricks,prod-gdo-fdh-workflow-foodpanda,,,,,,Scheduled,Daily (10:30 AM),889,Success,TM,"0:14:49"
777,2026-03-02,Databricks,prod-gdo-fdh-workflow-okya,,Streaming,Okya,,Bronze,Scheduled,Hourly,649,Success,Blazeclan,"0:10:49"
778,2026-03-02,Databricks,Daily Run - Freedompay,,,,,,Scheduled,Daily (10:00 AM),710,Success,GDO,"0:11:50"
779,2026-03-02,Databricks,prod-gdo-fdh-silver-okya-jb-user-address-job,,Batch,Okya,,Silver,Scheduled,Daily (11:30 AM),868,Success,TA,"0:14:28"
780,2026-03-02,Databricks,prod-gdo-fdh-silver-okya-jb-order-tender-job,,Batch,Okya,,Silver,Scheduled,Daily (11:30 AM),745,Success,TA,"0:12:25"
781,2026-03-02,Databricks,prod-gdo-fdh-silver-okya-jb-order-items-job,,Batch,Okya,,Silver,Scheduled,Daily (11:30 AM),1045,Success,TA,"0:17:25"
782,2026-03-02,Databricks,prod-gdo-fdh-silver-okya-jb-order-staging-job,,Batch,Okya,,Silver,Scheduled,Daily (11:30 AM),1222,Success,TA,"0:20:22"
783,2026-03-02,Databricks,prod-gdo-fdh-silver-okya-jb-customer-workflow,,Batch,Okya,,Silver,Scheduled,Daily (11:30 AM),1121,Success,TA,"0:18:41"
784,2026-03-02,Databricks,prod-gdo-fdh-workflow-okya,,Streaming,Okya,,Bronze,Scheduled,Hourly,640,Success,Blazeclan,"0:10:40"
785,2026-03-02,Databricks,prod-gdo-fdh-silver-tillster-jb-order-staging-job,,Batch,Tillster,,Silver,Scheduled,Daily (12:00 PM),797,Success,TA,"0:13:17"
786,2026-03-02,Databricks,prod-gdo-fdh-silver-tillster-jb-customer-workflow,,Batch,Tillster,,Silver,Scheduled,Daily (12:00 PM),808,Success,TA,"0:13:28"
787,2026-03-02,Databricks,prod-gdo-fdh-silver-tillster-jb-order-tender-job,,Batch,Tillster,,Silver,Scheduled,Daily (12:00 PM),620,Success,TA,"0:10:20"
788,2026-03-02,Databricks,prod-gdo-fdh-silver-tillster-jb-order-items-job,,Batch,Tillster,,Silver,Scheduled,Daily (12:00 PM),626,Success,TA,"0:10:26"
789,2026-03-02,Databricks,prod-gdo-fdh-silver-okya-jb-deactivation-workflow,,Batch,Okya,,Silver,Scheduled,Daily (12:00 PM),2171,Failed,TA,"0:36:11"
790,2026-03-02,Databricks,prod-gdo-fdh-gold-archive-tables-job,,Batch,"Tillster, Okya",,Gold,Scheduled,Daily (12:30 PM),728,Success,TA,"0:12:08"
791,2026-03-02,Databricks,prod-gdo-fdh-workflow-okya,,Streaming,Okya,,Bronze,Scheduled,Hourly,623,Success,Blazeclan,"0:10:23"
792,2026-03-02,Databricks,prod-gdo-fdh-c360-pipeline,,Batch,"Tillster, Okya",,Gold,Scheduled,Weekly (Monday 2:00 PM),3040,Failed,TA,"0:50:40"
793,2026-03-02,Databricks,prod-gdo-fdh-workflow-okya,,Streaming,Okya,,Bronze,Scheduled,Hourly,630,Success,Blazeclan,"0:10:30"
794,2026-03-02,Databricks,prod-gdo-fdh-workflow-okya,,Streaming,Okya,,Bronze,Scheduled,Hourly,645,Success,Blazeclan,"0:10:45"
795,2026-03-02,Databricks,prod-gdo-fdh-workflow-okya,,Streaming,Okya,,Bronze,Scheduled,Hourly,668,Success,Blazeclan,"0:11:08"
796,2026-03-02,Databricks,prod-gdo-fdh-workflow-okya,,Streaming,Okya,,Bronze,Scheduled,Hourly,677,Success,Blazeclan,"0:11:17"
797,2026-03-02,Databricks,fdh_workflow_gemm_trademarketinggroup,,,,,,Scheduled,Daily (5:00 PM),694,Success,GDO,"0:11:34"
798,2026-03-02,Databricks,fdh-workflow-gemm_storevisitresponses,,,,,,Scheduled,Daily (5:00 PM),753,Success,GDO,"0:12:33"
799,2026-03-02,Databricks,prod-gdo-fdh-workflow-okya,,Streaming,Okya,,Bronze,Scheduled,Hourly,649,Success,Blazeclan,"0:10:49"
800,2026-03-02,Databricks,prod-gdo-fdh-workflow-okya,,Streaming,Okya,,Bronze,Scheduled,Hourly,638,Success,Blazeclan,"0:10:38"
801,2026-03-02,Databricks,prod-gdo-fdh-workflow-okya,,Streaming,Okya,,Bronze,Scheduled,Hourly,654,Success,Blazeclan,"0:10:54"
802,2026-03-02,Databricks,prod-gdo-fdh-workflow-okya,,Streaming,Okya,,Bronze,Scheduled,Hourly,667,Success,Blazeclan,"0:11:07"
803,2026-03-02,Databricks,prod-gdo-fdh-workflow-okya,,Streaming,Okya,,Bronze,Scheduled,Hourly,675,Success,Blazeclan,"0:11:15"
804,2026-03-02,Databricks,prod-gdo-fdh-workflow-okya,,Streaming,Okya,,Bronze,Scheduled,Hourly,674,Success,Blazeclan,"0:11:14"
805,2026-03-03,Databricks,prod-gdo-fdh-workflow-okya,,Streaming,Okya,,Bronze,Scheduled,Hourly,674,Success,Blazeclan,"0:11:14"
806,2026-03-03,Databricks,prod-gdo-fdh-workflow-digital-performance,,,,,,Scheduled,Daily (12:30 AM) ,8648,Success,TM,"2:24:08"
807,2026-03-03,Databricks,prod-gdo-fdh-workflow-okya,,Streaming,Okya,,Bronze,Scheduled,Hourly,637,Success,Blazeclan,"0:10:37"
808,2026-03-03,Databricks,prod-gdo-fdh-workflow-okya,,Streaming,Okya,,Bronze,Scheduled,Hourly,650,Success,Blazeclan,"0:10:50"
809,2026-03-03,Databricks,prod-gdo-fdh-workflow-braze,,,,,,Scheduled,Daily (2:00 AM),1321,Success,TM,"0:22:01"
810,2026-03-03,Databricks,prod-gdo-fdh-workflow-qmai-bronze,,Streaming,QMAI,,Bronze,Scheduled,Daily (2:00 AM),838,Success,Blazeclan,"0:13:58"
811,2026-03-03,Databricks,prod-gdo-fdh-workflow-okya,,Streaming,Okya,,Bronze,Scheduled,Hourly,648,Success,Blazeclan,"0:10:48"
812,2026-03-03,Databricks,prod-gdo-fdh-workflow-qmai-silver-product_goods,,,,,,Scheduled,Daily (3:00 AM),535,Success,Blazeclan,"0:08:55"
813,2026-03-03,Databricks,prod-gdo-fdh-workflow-qmai-silver,,Batch,QMAI,,Silver,Scheduled,Daily (3:00 AM),430,Success,Blazeclan,"0:07:10"
814,2026-03-03,Databricks,prod-gdo-fdh-workflow-okya,,Streaming,Okya,,Bronze,Scheduled,Hourly,655,Success,Blazeclan,"0:10:55"
815,2026-03-03,Databricks,prod-gdo-fdh-workflow-okya,,Streaming,Okya,,Bronze,Scheduled,Hourly,633,Success,Blazeclan,"0:10:33"
816,2026-03-03,Databricks,prod-gdo-fdh-daily-workflow-ironman-rdbms,,,,,,Scheduled,Daily (5:30 AM),800,Success,Blazeclan,"0:13:20"
817,2026-03-03,Databricks,prod-gdo-fdh-workflow-okya,,Streaming,Okya,,Bronze,Scheduled,Hourly,667,Success,Blazeclan,"0:11:07"
818,2026-03-03,Databricks,prod-gdo-fdh-workflow-okya,,Streaming,Okya,,Bronze,Scheduled,Hourly,659,Success,Blazeclan,"0:10:59"
819,2026-03-03,Databricks,prod-gdo-fdh-workflow-okya-silver,,,,,,Scheduled,Daily (7:24 AM),744,Success,Blazeclan,"0:12:24"
820,2026-03-03,Databricks,prod-gdo-fdh-workflow-okya,,Streaming,Okya,,Bronze,Scheduled,Hourly,661,Success,Blazeclan,"0:11:01"
821,2026-03-03,Databricks,prod-gdo-fdh-daily-workflow-qualtrics-api,,,,,,Scheduled,Daily (8:23 AM),813,Success,Blazeclan,"0:13:33"
822,2026-03-03,Databricks,prod-gdo-fdh-daily-workflow-okya-api,,Batch,Okya,,Bronze,Scheduled,Daily (8:23 AM),1384,Success,Blazeclan,"0:23:04"
823,2026-03-03,Databricks,prod-gdo-fdh-workflow-okya,,Streaming,Okya,,Bronze,Scheduled,Hourly,667,Success,Blazeclan,"0:11:07"
824,2026-03-03,Databricks,prod-gdo-fdh-workflow-ga-dtls-daily,,,,,,Scheduled,Daily (9:00 AM),648,Success,DXC,"0:10:48"
825,2026-03-03,Databricks,prod-gdo-fdh-workflow-ga-dtls-goal,,,,,,Scheduled,Daily (9:00 AM),642,Success,DXC,"0:10:42"
826,2026-03-03,Databricks,prod-gdo-fdh-workflow-qualtrics-silver,,,,,,Scheduled,Daily (9:00 AM),538,Success,Blazeclan,"0:08:58"
827,2026-03-03,Databricks,prod-gdo-fdh-workflow-okya,,Streaming,Okya,,Bronze,Scheduled,Hourly,662,Success,Blazeclan,"0:11:02"
828,2026-03-03,Databricks,prod-gdo-fdh-daily-workflow-tillster,,Batch,Tillster,,Bronze,Scheduled,Daily (10:23 AM),854,Success,Blazeclan,"0:14:14"
829,2026-03-03,Databricks,prod-gdo-fdh-grabfood-workflow,,,,,,Scheduled,Daily (10:30 AM),1120,Success,TM,"0:18:40"
830,2026-03-03,Databricks,prod-gdo-fdh-workflow-foodpanda,,,,,,Scheduled,Daily (10:30 AM),887,Success,TM,"0:14:47"
831,2026-03-03,Databricks,prod-gdo-fdh-workflow-okya,,Streaming,Okya,,Bronze,Scheduled,Hourly,672,Success,Blazeclan,"0:11:12"
832,2026-03-03,Databricks,Daily Run - Freedompay,,,,,,,Daily (10:00 AM),757,Success,GDO,"0:12:37"
833,2026-03-03,Databricks,prod-gdo-fdh-silver-okya-jb-user-address-job,,Batch,Okya,,Silver,Scheduled,Daily (11:30 AM),1113,Success,TA,"0:18:33"
834,2026-03-03,Databricks,prod-gdo-fdh-silver-okya-jb-order-tender-job,,Batch,Okya,,Silver,Scheduled,Daily (11:30 AM),872,Success,TA,"0:14:32"
835,2026-03-03,Databricks,prod-gdo-fdh-silver-okya-jb-order-items-job,,Batch,Okya,,Silver,Scheduled,Daily (11:30 AM),1025,Success,TA,"0:17:05"
836,2026-03-03,Databricks,prod-gdo-fdh-silver-okya-jb-order-staging-job,,Batch,Okya,,Silver,Scheduled,Daily (11:30 AM),1280,Success,TA,"0:21:20"
837,2026-03-03,Databricks,prod-gdo-fdh-silver-okya-jb-customer-workflow,,Batch,Okya,,Silver,Scheduled,Daily (11:30 AM),1282,Success,TA,"0:21:22"
838,2026-03-03,Databricks,prod-gdo-fdh-workflow-okya,,Streaming,Okya,,Bronze,Scheduled,Hourly,696,Success,Blazeclan,"0:11:36"
839,2026-03-03,Databricks,prod-gdo-fdh-silver-tillster-jb-order-staging-job,,Batch,Tillster,,Silver,Scheduled,Daily (12:00 PM),824,Success,TA,"0:13:44"
840,2026-03-03,Databricks,prod-gdo-fdh-silver-tillster-jb-customer-workflow,,Batch,Tillster,,Silver,Scheduled,Daily (12:00 PM),812,Success,TA,"0:13:32"
841,2026-03-03,Databricks,prod-gdo-fdh-silver-tillster-jb-order-tender-job,,Batch,Tillster,,Silver,Scheduled,Daily (12:00 PM),638,Success,TA,"0:10:38"
842,2026-03-03,Databricks,prod-gdo-fdh-silver-tillster-jb-order-items-job,,Batch,Tillster,,Silver,Scheduled,Daily (12:00 PM),667,Success,TA,"0:11:07"
843,2026-03-03,Databricks,prod-gdo-fdh-silver-okya-jb-deactivation-workflow,,Batch,Okya,,Silver,Scheduled,Daily (12:00 PM),2139,Failed,TA,"0:35:39"
844,2026-03-03,Databricks,prod-gdo-fdh-gold-archive-tables-job,,Batch,"Tillster, Okya",,Gold,Scheduled,Daily (12:30 PM),781,Success,TA,"0:13:01"
845,2026-03-03,Databricks,prod-gdo-fdh-workflow-okya,,Streaming,Okya,,Bronze,Scheduled,Hourly,653,Success,Blazeclan,"0:10:53"
846,2026-03-03,Databricks,prod-gdo-fdh-workflow-okya,,Streaming,Okya,,Bronze,Scheduled,Hourly,631,Success,Blazeclan,"0:10:31"
847,2026-03-03,Databricks,prod-gdo-fdh-workflow-okya,,Streaming,Okya,,Bronze,Scheduled,Hourly,633,Success,Blazeclan,"0:10:33"
848,2026-03-03,Databricks,prod-gdo-fdh-workflow-okya,,Streaming,Okya,,Bronze,Scheduled,Hourly,638,Success,Blazeclan,"0:10:38"
849,2026-03-03,Databricks,prod-gdo-fdh-workflow-okya,,Streaming,Okya,,Bronze,Scheduled,Hourly,644,Success,Blazeclan,"0:10:44"
850,2026-03-03,Databricks,fdh_workflow_gemm_trademarketinggroup,,,,,,Scheduled,Daily (5:00 PM),699,Success,GDO,"0:11:39"
851,2026-03-03,Databricks,fdh-workflow-gemm_storevisitresponses,,,,,,Scheduled,Daily (5:00 PM),756,Success,GDO,"0:12:36"
852,2026-03-03,Databricks,prod-gdo-fdh-workflow-okya,,Streaming,Okya,,Bronze,Scheduled,Hourly,650,Success,Blazeclan,"0:10:50"
853,2026-03-03,Databricks,prod-gdo-fdh-workflow-okya,,Streaming,Okya,,Bronze,Scheduled,Hourly,627,Success,Blazeclan,"0:10:27"
854,2026-03-03,Databricks,prod-gdo-fdh-workflow-okya,,Streaming,Okya,,Bronze,Scheduled,Hourly,642,Success,Blazeclan,"0:10:42"
855,2026-03-03,Databricks,prod-gdo-fdh-workflow-okya,,Streaming,Okya,,Bronze,Scheduled,Hourly,641,Success,Blazeclan,"0:10:41"
856,2026-03-03,Databricks,prod-gdo-fdh-workflow-okya,,Streaming,Okya,,Bronze,Scheduled,Hourly,657,Success,Blazeclan,"0:10:57"
857,2026-03-03,Databricks,prod-gdo-fdh-workflow-okya,,Streaming,Okya,,Bronze,Scheduled,Hourly,672,Success,Blazeclan,"0:11:12"
858,2026-03-04,Databricks,prod-gdo-fdh-workflow-okya,,Streaming,Okya,,Bronze,Scheduled,Hourly,630,Success,Blazeclan,"0:10:30"
859,2026-03-04,Databricks,prod-gdo-fdh-workflow-digital-performance,,,,,,Scheduled,Daily (12:30 AM) ,968,Failed,TM,"0:16:08"
860,2026-03-04,Databricks,prod-gdo-fdh-workflow-okya,,Streaming,Okya,,Bronze,Scheduled,Hourly,651,Success,Blazeclan,"0:10:51"
861,2026-03-04,Databricks,prod-gdo-fdh-workflow-okya,,Streaming,Okya,,Bronze,Scheduled,Hourly,668,Success,Blazeclan,"0:11:08"
862,2026-03-04,Databricks,prod-gdo-fdh-workflow-braze,,,,,,Scheduled,Daily (2:00 AM),1805,Success,TM,"0:30:05"
863,2026-03-04,Databricks,prod-gdo-fdh-workflow-qmai-bronze,,Streaming,QMAI,,Bronze,Scheduled,Daily (2:00 AM),819,Success,Blazeclan,"0:13:39"
864,2026-03-04,Databricks,prod-gdo-fdh-workflow-okya,,Streaming,Okya,,Bronze,Scheduled,Hourly,638,Success,Blazeclan,"0:10:38"
865,2026-03-04,Databricks,prod-gdo-fdh-workflow-qmai-silver-product_goods,,,,,,Scheduled,Daily (3:00 AM),525,Success,Blazeclan,"0:08:45"
866,2026-03-04,Databricks,prod-gdo-fdh-workflow-qmai-silver,,Batch,QMAI,,Silver,Scheduled,Daily (3:00 AM),424,Success,Blazeclan,"0:07:04"
867,2026-03-04,Databricks,prod-gdo-fdh-workflow-okya,,Streaming,Okya,,Bronze,Scheduled,Hourly,658,Success,Blazeclan,"0:10:58"
868,2026-03-04,Databricks,prod-gdo-fdh-workflow-okya,,Streaming,Okya,,Bronze,Scheduled,Hourly,633,Success,Blazeclan,"0:10:33"
869,2026-03-04,Databricks,prod-gdo-fdh-daily-workflow-ironman-rdbms,,,,,,Scheduled,Daily (5:30 AM),828,Success,Blazeclan,"0:13:48"
870,2026-03-04,Databricks,prod-gdo-fdh-workflow-okya,,Streaming,Okya,,Bronze,Scheduled,Hourly,654,Success,Blazeclan,"0:10:54"
871,2026-03-04,Databricks,prod-gdo-fdh-workflow-okya,,Streaming,Okya,,Bronze,Scheduled,Hourly,640,Success,Blazeclan,"0:10:40"
872,2026-03-04,Databricks,prod-gdo-fdh-workflow-okya-silver,,,,,,Scheduled,Daily (7:24 AM),757,Success,Blazeclan,"0:12:37"
873,2026-03-04,Databricks,prod-gdo-fdh-workflow-okya,,Streaming,Okya,,Bronze,Scheduled,Hourly,640,Success,Blazeclan,"0:10:40"
874,2026-03-04,Databricks,prod-gdo-fdh-daily-workflow-qualtrics-api,,,,,,Scheduled,Daily (8:23 AM),789,Success,Blazeclan,"0:13:09"
875,2026-03-04,Databricks,prod-gdo-fdh-daily-workflow-okya-api,,Batch,Okya,,Bronze,Scheduled,Daily (8:23 AM),1398,Success,Blazeclan,"0:23:18"
876,2026-03-04,Databricks,prod-gdo-fdh-workflow-okya,,Streaming,Okya,,Bronze,Scheduled,Hourly,612,Success,Blazeclan,"0:10:12"
877,2026-03-04,Databricks,prod-gdo-fdh-workflow-ga-dtls-daily,,,,,,Scheduled,Daily (9:00 AM),672,Success,DXC,"0:11:12"
878,2026-03-04,Databricks,prod-gdo-fdh-workflow-ga-dtls-goal,,,,,,Scheduled,Daily (9:00 AM),615,Success,DXC,"0:10:15"
879,2026-03-04,Databricks,prod-gdo-fdh-workflow-qualtrics-silver,,,,,,Scheduled,Daily (9:00 AM),546,Success,Blazeclan,"0:09:06"
880,2026-03-04,Databricks,prod-gdo-fdh-workflow-okya,,Streaming,Okya,,Bronze,Scheduled,Hourly,654,Success,Blazeclan,"0:10:54"
881,2026-03-04,Databricks,prod-gdo-fdh-daily-workflow-tillster,,Batch,Tillster,,Bronze,Scheduled,Daily (10:23 AM),850,Success,Blazeclan,"0:14:10"
882,2026-03-04,Databricks,prod-gdo-fdh-grabfood-workflow,,,,,,Scheduled,Daily (10:30 AM),939,Success,TM,"0:15:39"
883,2026-03-04,Databricks,prod-gdo-fdh-workflow-foodpanda,,,,,,Scheduled,Daily (10:30 AM),900,Success,TM,"0:15:00"
884,2026-03-04,Databricks,prod-gdo-fdh-workflow-okya,,Streaming,Okya,,Bronze,Scheduled,Hourly,660,Success,Blazeclan,"0:11:00"
885,2026-03-04,Databricks,Daily Run - Freedompay,,,,,,Scheduled,Daily (10:00 AM),715,Success,GDO,"0:11:55"
886,2026-03-04,Databricks,prod-gdo-fdh-silver-okya-jb-user-address-job,,Batch,Okya,,Silver,Scheduled,Daily (11:30 AM),1103,Success,TA,"0:18:23"
887,2026-03-04,Databricks,prod-gdo-fdh-silver-okya-jb-order-tender-job,,Batch,Okya,,Silver,Scheduled,Daily (11:30 AM),803,Success,TA,"0:13:23"
888,2026-03-04,Databricks,prod-gdo-fdh-silver-okya-jb-order-items-job,,Batch,Okya,,Silver,Scheduled,Daily (11:30 AM),994,Success,TA,"0:16:34"
889,2026-03-04,Databricks,prod-gdo-fdh-silver-okya-jb-order-staging-job,,Batch,Okya,,Silver,Scheduled,Daily (11:30 AM),1316,Success,TA,"0:21:56"
890,2026-03-04,Databricks,prod-gdo-fdh-silver-okya-jb-customer-workflow,,Batch,Okya,,Silver,Scheduled,Daily (11:30 AM),1056,Success,TA,"0:17:36"
891,2026-03-04,Databricks,prod-gdo-fdh-workflow-okya,,Streaming,Okya,,Bronze,Scheduled,Hourly,639,Success,Blazeclan,"0:10:39"
892,2026-03-04,Databricks,prod-gdo-fdh-silver-tillster-jb-order-staging-job,,Batch,Tillster,,Silver,Scheduled,Daily (12:00 PM),687,Success,TA,"0:11:27"
893,2026-03-04,Databricks,prod-gdo-fdh-silver-tillster-jb-customer-workflow,,Batch,Tillster,,Silver,Scheduled,Daily (12:00 PM),712,Success,TA,"0:11:52"
894,2026-03-04,Databricks,prod-gdo-fdh-silver-tillster-jb-order-tender-job,,Batch,Tillster,,Silver,Scheduled,Daily (12:00 PM),733,Success,TA,"0:12:13"
895,2026-03-04,Databricks,prod-gdo-fdh-silver-tillster-jb-order-items-job,,Batch,Tillster,,Silver,Scheduled,Daily (12:00 PM),624,Success,TA,"0:10:24"
896,2026-03-04,Databricks,prod-gdo-fdh-silver-okya-jb-deactivation-workflow,,Batch,Okya,,Silver,Scheduled,Daily (12:00 PM),1935,Success,TA,"0:32:15"
897,2026-03-04,Databricks,prod-gdo-fdh-gold-archive-tables-job,,Batch,"Tillster, Okya",,Gold,Scheduled,Daily (12:30 PM),707,Success,TA,"0:11:47"
898,2026-03-04,Databricks,prod-gdo-fdh-workflow-okya,,Streaming,Okya,,Bronze,Scheduled,Hourly,633,Success,Blazeclan,"0:10:33"
899,2026-03-04,Databricks,prod-gdo-fdh-workflow-okya,,Streaming,Okya,,Bronze,Scheduled,Hourly,646,Success,Blazeclan,"0:10:46"
900,2026-03-04,Databricks,prod-gdo-fdh-workflow-okya,,Streaming,Okya,,Bronze,Scheduled,Hourly,648,Success,Blazeclan,"0:10:48"
901,2026-03-04,Databricks,prod-gdo-fdh-workflow-okya,,Streaming,Okya,,Bronze,Scheduled,Hourly,646,Success,Blazeclan,"0:10:46"
902,2026-03-04,Databricks,prod-gdo-fdh-workflow-okya,,Streaming,Okya,,Bronze,Scheduled,Hourly,647,Success,Blazeclan,"0:10:47"
903,2026-03-04,Databricks,fdh_workflow_gemm_trademarketinggroup,,,,,,Scheduled,Daily (5:00 PM),678,Success,GDO,"0:11:18"
904,2026-03-04,Databricks,fdh-workflow-gemm_storevisitresponses,,,,,,Scheduled,Daily (5:00 PM),724,Success,GDO,"0:12:04"
905,2026-03-04,Databricks,prod-gdo-fdh-workflow-okya,,Streaming,Okya,,Bronze,Scheduled,Hourly,651,Success,Blazeclan,"0:10:51"
906,2026-03-04,Databricks,prod-gdo-fdh-workflow-okya,,Streaming,Okya,,Bronze,Scheduled,Hourly,644,Success,Blazeclan,"0:10:44"
907,2026-03-04,Databricks,prod-gdo-fdh-workflow-okya,,Streaming,Okya,,Bronze,Scheduled,Hourly,675,Success,Blazeclan,"0:11:15"
908,2026-03-04,Databricks,prod-gdo-fdh-workflow-okya,,Streaming,Okya,,Bronze,Scheduled,Hourly,629,Success,Blazeclan,"0:10:29"
909,2026-03-04,Databricks,prod-gdo-fdh-workflow-okya,,Streaming,Okya,,Bronze,Scheduled,Hourly,726,Success,Blazeclan,"0:12:06"
910,2026-03-04,Databricks,prod-gdo-fdh-workflow-okya,,Streaming,Okya,,Bronze,Scheduled,Hourly,657,Success,Blazeclan,"0:10:57"
911,2026-03-05,Databricks,prod-gdo-fdh-workflow-okya,,Streaming,Okya,,Bronze,Scheduled,Hourly,690,Success,Blazeclan,"0:11:30"
912,2026-03-05,Databricks,prod-gdo-fdh-workflow-digital-performance,,,,,,Scheduled,Daily (12:30 AM) ,699,Failed,TM,"0:11:39"
913,2026-03-05,Databricks,prod-gdo-fdh-workflow-okya,,Streaming,Okya,,Bronze,Scheduled,Hourly,649,Success,Blazeclan,"0:10:49"
914,2026-03-05,Databricks,prod-gdo-fdh-workflow-okya,,Streaming,Okya,,Bronze,Scheduled,Hourly,656,Success,Blazeclan,"0:10:56"
915,2026-03-05,Databricks,prod-gdo-fdh-workflow-braze,,,,,,Scheduled,Daily (2:00 AM),1366,Success,TM,"0:22:46"
916,2026-03-05,Databricks,prod-gdo-fdh-workflow-qmai-bronze,,Streaming,QMAI,,Bronze,Scheduled,Daily (2:00 AM),862,Success,Blazeclan,"0:14:22"
917,2026-03-05,Databricks,prod-gdo-fdh-workflow-okya,,Streaming,Okya,,Bronze,Scheduled,Hourly,635,Success,Blazeclan,"0:10:35"
918,2026-03-05,Databricks,prod-gdo-fdh-workflow-qmai-silver-product_goods,,,,,,Scheduled,Daily (3:00 AM),531,Success,Blazeclan,"0:08:51"
919,2026-03-05,Databricks,prod-gdo-fdh-workflow-qmai-silver,,Batch,QMAI,,Silver,Scheduled,Daily (3:00 AM),1144,Success,Blazeclan,"0:19:04"
920,2026-03-05,Databricks,prod-gdo-fdh-workflow-okya,,Streaming,Okya,,Bronze,Scheduled,Hourly,645,Success,Blazeclan,"0:10:45"
921,2026-03-05,Databricks,prod-gdo-fdh-workflow-okya,,Streaming,Okya,,Bronze,Scheduled,Hourly,654,Success,Blazeclan,"0:10:54"
922,2026-03-05,Databricks,prod-gdo-fdh-daily-workflow-ironman-rdbms,,,,,,Scheduled,Daily (5:30 AM),780,Success,Blazeclan,"0:13:00"
923,2026-03-05,Databricks,prod-gdo-fdh-workflow-okya,,Streaming,Okya,,Bronze,Scheduled,Hourly,714,Success,Blazeclan,"0:11:54"
924,2026-03-05,Databricks,prod-gdo-fdh-workflow-okya,,Streaming,Okya,,Bronze,Scheduled,Hourly,656,Success,Blazeclan,"0:10:56"
925,2026-03-05,Databricks,prod-gdo-fdh-workflow-okya-silver,,,,,,Scheduled,Daily (7:24 AM),785,Success,Blazeclan,"0:13:05"
926,2026-03-05,Databricks,prod-gdo-fdh-workflow-okya,,Streaming,Okya,,Bronze,Scheduled,Hourly,650,Success,Blazeclan,"0:10:50"
927,2026-03-05,Databricks,prod-gdo-fdh-daily-workflow-qualtrics-api,,,,,,Scheduled,Daily (8:23 AM),852,Success,Blazeclan,"0:14:12"
928,2026-03-05,Databricks,prod-gdo-fdh-daily-workflow-okya-api,,Batch,Okya,,Bronze,Scheduled,Daily (8:23 AM),1401,Success,Blazeclan,"0:23:21"
929,2026-03-05,Databricks,prod-gdo-fdh-workflow-okya,,Streaming,Okya,,Bronze,Scheduled,Hourly,637,Success,Blazeclan,"0:10:37"
930,2026-03-05,Databricks,prod-gdo-fdh-workflow-ga-dtls-daily,,,,,,Scheduled,Daily (9:00 AM),665,Success,DXC,"0:11:05"
931,2026-03-05,Databricks,prod-gdo-fdh-workflow-ga-dtls-goal,,,,,,Scheduled,Daily (9:00 AM),661,Success,DXC,"0:11:01"
932,2026-03-05,Databricks,prod-gdo-fdh-workflow-qualtrics-silver,,,,,,Scheduled,Daily (9:00 AM),657,Success,Blazeclan,"0:10:57"
933,2026-03-05,Databricks,prod-gdo-fdh-workflow-okya,,Streaming,Okya,,Bronze,Scheduled,Hourly,649,Success,Blazeclan,"0:10:49"
934,2026-03-05,Databricks,prod-gdo-fdh-daily-workflow-tillster,,Batch,Tillster,,Bronze,Scheduled,Daily (10:23 AM),886,Success,Blazeclan,"0:14:46"
935,2026-03-05,Databricks,prod-gdo-fdh-grabfood-workflow,,,,,,Scheduled,Daily (10:30 AM),967,Success,TM,"0:16:07"
936,2026-03-05,Databricks,prod-gdo-fdh-workflow-foodpanda,,,,,,Scheduled,Daily (10:30 AM),937,Success,TM,"0:15:37"
937,2026-03-05,Databricks,prod-gdo-fdh-workflow-okya,,Streaming,Okya,,Bronze,Scheduled,Hourly,682,Success,Blazeclan,"0:11:22"
938,2026-03-05,Databricks,Daily Run - Freedompay,,,,,,Scheduled,Daily (10:00 AM),712,Success,GDO,"0:11:52"
939,2026-03-05,Databricks,prod-gdo-fdh-silver-okya-jb-user-address-job,,Batch,Okya,,Silver,Scheduled,Daily (11:30 AM),861,Success,TA,"0:14:21"
940,2026-03-05,Databricks,prod-gdo-fdh-silver-okya-jb-order-tender-job,,Batch,Okya,,Silver,Scheduled,Daily (11:30 AM),790,Success,TA,"0:13:10"
941,2026-03-05,Databricks,prod-gdo-fdh-silver-okya-jb-order-items-job,,Batch,Okya,,Silver,Scheduled,Daily (11:30 AM),971,Success,TA,"0:16:11"
942,2026-03-05,Databricks,prod-gdo-fdh-silver-okya-jb-order-staging-job,,Batch,Okya,,Silver,Scheduled,Daily (11:30 AM),1233,Success,TA,"0:20:33"
943,2026-03-05,Databricks,prod-gdo-fdh-silver-okya-jb-customer-workflow,,Batch,Okya,,Silver,Scheduled,Daily (11:30 AM),1207,Success,TA,"0:20:07"
944,2026-03-05,Databricks,prod-gdo-fdh-workflow-okya,,Streaming,Okya,,Bronze,Scheduled,Hourly,639,Success,Blazeclan,"0:10:39"
945,2026-03-05,Databricks,prod-gdo-fdh-silver-tillster-jb-order-staging-job,,Batch,Tillster,,Silver,Scheduled,Daily (12:00 PM),721,Success,TA,"0:12:01"
946,2026-03-05,Databricks,prod-gdo-fdh-silver-tillster-jb-customer-workflow,,Batch,Tillster,,Silver,Scheduled,Daily (12:00 PM),726,Success,TA,"0:12:06"
947,2026-03-05,Databricks,prod-gdo-fdh-silver-tillster-jb-order-tender-job,,Batch,Tillster,,Silver,Scheduled,Daily (12:00 PM),755,Success,TA,"0:12:35"
948,2026-03-05,Databricks,prod-gdo-fdh-silver-tillster-jb-order-items-job,,Batch,Tillster,,Silver,Scheduled,Daily (12:00 PM),653,Success,TA,"0:10:53"
949,2026-03-05,Databricks,prod-gdo-fdh-silver-okya-jb-deactivation-workflow,,Batch,Okya,,Silver,Scheduled,Daily (12:00 PM),2332,Failed,TA,"0:38:52"
950,2026-03-05,Databricks,prod-gdo-fdh-gold-archive-tables-job,,Batch,"Tillster, Okya",,Gold,Scheduled,Daily (12:30 PM),707,Success,TA,"0:11:47"
951,2026-03-05,Databricks,prod-gdo-fdh-workflow-okya,,Streaming,Okya,,Bronze,Scheduled,Hourly,682,Success,Blazeclan,"0:11:22"
952,2026-03-05,Databricks,prod-gdo-fdh-workflow-okya,,Streaming,Okya,,Bronze,Scheduled,Hourly,643,Success,Blazeclan,"0:10:43"
953,2026-03-05,Databricks,prod-gdo-fdh-workflow-okya,,Streaming,Okya,,Bronze,Scheduled,Hourly,620,Success,Blazeclan,"0:10:20"
954,2026-03-05,Databricks,prod-gdo-fdh-workflow-okya,,Streaming,Okya,,Bronze,Scheduled,Hourly,647,Success,Blazeclan,"0:10:47"
955,2026-03-05,Databricks,prod-gdo-fdh-workflow-okya,,Streaming,Okya,,Bronze,Scheduled,Hourly,650,Success,Blazeclan,"0:10:50"
956,2026-03-05,Databricks,fdh_workflow_gemm_trademarketinggroup,,,,,,Scheduled,Daily (5:00 PM),704,Success,GDO,"0:11:44"
957,2026-03-05,Databricks,fdh-workflow-gemm_storevisitresponses,,,,,,Scheduled,Daily (5:00 PM),779,Success,GDO,"0:12:59"
958,2026-03-05,Databricks,prod-gdo-fdh-workflow-okya,,Streaming,Okya,,Bronze,Scheduled,Hourly,641,Success,Blazeclan,"0:10:41"
959,2026-03-05,Databricks,prod-gdo-fdh-workflow-okya,,Streaming,Okya,,Bronze,Scheduled,Hourly,649,Success,Blazeclan,"0:10:49"
960,2026-03-05,Databricks,prod-gdo-fdh-workflow-okya,,Streaming,Okya,,Bronze,Scheduled,Hourly,665,Success,Blazeclan,"0:11:05"
961,2026-03-05,Databricks,prod-gdo-fdh-workflow-okya,,Streaming,Okya,,Bronze,Scheduled,Hourly,663,Success,Blazeclan,"0:11:03"
962,2026-03-05,Databricks,prod-gdo-fdh-workflow-okya,,Streaming,Okya,,Bronze,Scheduled,Hourly,1667,Success,Blazeclan,"0:27:47"
963,2026-03-05,Databricks,prod-gdo-fdh-workflow-okya,,Streaming,Okya,,Bronze,Scheduled,Hourly,635,Success,Blazeclan,"0:10:35"
964,2026-03-06,Databricks,prod-gdo-fdh-workflow-okya,,Streaming,Okya,,Bronze,Scheduled,Hourly,669,Success,Blazeclan,"0:11:09"
965,2026-03-06,Databricks,prod-gdo-fdh-workflow-digital-performance,,,,,,Scheduled,Daily (12:30 AM) ,670,Failed,TM,"0:11:10"
966,2026-03-06,Databricks,prod-gdo-fdh-workflow-okya,,Streaming,Okya,,Bronze,Scheduled,Hourly,686,Success,Blazeclan,"0:11:26"
967,2026-03-06,Databricks,prod-gdo-fdh-workflow-okya,,Streaming,Okya,,Bronze,Scheduled,Hourly,654,Success,Blazeclan,"0:10:54"
968,2026-03-06,Databricks,prod-gdo-fdh-workflow-braze,,,,,,Scheduled,Daily (2:00 AM),1415,Success,TM,"0:23:35"
969,2026-03-06,Databricks,prod-gdo-fdh-workflow-qmai-bronze,,Streaming,QMAI,,Bronze,Scheduled,Daily (2:00 AM),2225,Success,Blazeclan,"0:37:05"
970,2026-03-06,Databricks,prod-gdo-fdh-workflow-qmai-bronze,,Streaming,QMAI,,Bronze,Manual Re-run,Daily (2:00 AM),825,Success,Blazeclan,"0:13:45"
971,2026-03-06,Databricks,prod-gdo-fdh-workflow-qmai-bronze,,Streaming,QMAI,,Bronze,Manual Re-run,Daily (2:00 AM),905,Success,Blazeclan,"0:15:05"
972,2026-03-06,Databricks,prod-gdo-fdh-workflow-okya,,Streaming,Okya,,Bronze,Scheduled,Hourly,636,Success,Blazeclan,"0:10:36"
973,2026-03-06,Databricks,prod-gdo-fdh-workflow-qmai-silver-product_goods,,,,,,Scheduled,Daily (3:00 AM),513,Success,Blazeclan,"0:08:33"
974,2026-03-06,Databricks,prod-gdo-fdh-workflow-qmai-silver,,Batch,QMAI,,Silver,Scheduled,Daily (3:00 AM),414,Success,Blazeclan,"0:06:54"
975,2026-03-06,Databricks,prod-gdo-fdh-workflow-okya,,Streaming,Okya,,Bronze,Scheduled,Hourly,657,Success,Blazeclan,"0:10:57"
976,2026-03-06,Databricks,prod-gdo-fdh-workflow-okya,,Streaming,Okya,,Bronze,Scheduled,Hourly,659,Success,Blazeclan,"0:10:59"
977,2026-03-06,Databricks,prod-gdo-fdh-daily-workflow-ironman-rdbms,,,,,,Scheduled,Daily (5:30 AM),770,Success,Blazeclan,"0:12:50"
978,2026-03-06,Databricks,prod-gdo-fdh-workflow-okya,,Streaming,Okya,,Bronze,Scheduled,Hourly,646,Success,Blazeclan,"0:10:46"
979,2026-03-06,Databricks,prod-gdo-fdh-workflow-okya,,Streaming,Okya,,Bronze,Scheduled,Hourly,647,Success,Blazeclan,"0:10:47"
980,2026-03-06,Databricks,prod-gdo-fdh-workflow-okya-silver,,,,,,Scheduled,Daily (7:24 AM),769,Success,Blazeclan,"0:12:49"
981,2026-03-06,Databricks,prod-gdo-fdh-workflow-okya,,Streaming,Okya,,Bronze,Scheduled,Hourly,663,Success,Blazeclan,"0:11:03"
982,2026-03-06,Databricks,prod-gdo-fdh-daily-workflow-qualtrics-api,,,,,,Scheduled,Daily (8:23 AM),801,Success,Blazeclan,"0:13:21"
983,2026-03-06,Databricks,prod-gdo-fdh-daily-workflow-okya-api,,Batch,Okya,,Bronze,Scheduled,Daily (8:23 AM),1419,Success,Blazeclan,"0:23:39"
984,2026-03-06,Databricks,prod-gdo-fdh-workflow-okya,,Streaming,Okya,,Bronze,Scheduled,Hourly,643,Success,Blazeclan,"0:10:43"
985,2026-03-06,Databricks,prod-gdo-fdh-workflow-ga-dtls-daily,,,,,,Scheduled,Daily (9:00 AM),649,Success,DXC,"0:10:49"
986,2026-03-06,Databricks,prod-gdo-fdh-workflow-ga-dtls-goal,,,,,,Scheduled,Daily (9:00 AM),667,Success,DXC,"0:11:07"
987,2026-03-06,Databricks,prod-gdo-fdh-workflow-qualtrics-silver,,,,,,Scheduled,Daily (9:00 AM),563,Success,Blazeclan,"0:09:23"
988,2026-03-06,Databricks,prod-gdo-fdh-workflow-okya,,Streaming,Okya,,Bronze,Scheduled,Hourly,667,Success,Blazeclan,"0:11:07"
989,2026-03-06,Databricks,prod-gdo-fdh-daily-workflow-tillster,,Batch,Tillster,,Bronze,Scheduled,Daily (10:23 AM),816,Success,Blazeclan,"0:13:36"
990,2026-03-06,Databricks,prod-gdo-fdh-grabfood-workflow,,,,,,Scheduled,Daily (10:30 AM),972,Success,TM,"0:16:12"
991,2026-03-06,Databricks,prod-gdo-fdh-workflow-foodpanda,,,,,,Scheduled,Daily (10:30 AM),879,Success,TM,"0:14:39"
992,2026-03-06,Databricks,prod-gdo-fdh-workflow-okya,,Streaming,Okya,,Bronze,Scheduled,Hourly,678,Success,Blazeclan,"0:11:18"
993,2026-03-06,Databricks,Daily Run - Freedompay,,,,,,,Daily (10:00 AM),733,Success,GDO,"0:12:13"
994,2026-03-06,Databricks,prod-gdo-fdh-silver-okya-jb-user-address-job,,Batch,Okya,,Silver,Scheduled,Daily (11:30 AM),868,Success,TA,"0:14:28"
995,2026-03-06,Databricks,prod-gdo-fdh-silver-okya-jb-order-tender-job,,Batch,Okya,,Silver,Scheduled,Daily (11:30 AM),741,Success,TA,"0:12:21"
996,2026-03-06,Databricks,prod-gdo-fdh-silver-okya-jb-order-items-job,,Batch,Okya,,Silver,Scheduled,Daily (11:30 AM),945,Success,TA,"0:15:45"
997,2026-03-06,Databricks,prod-gdo-fdh-silver-okya-jb-order-staging-job,,Batch,Okya,,Silver,Scheduled,Daily (11:30 AM),1297,Success,TA,"0:21:37"
998,2026-03-06,Databricks,prod-gdo-fdh-silver-okya-jb-customer-workflow,,Batch,Okya,,Silver,Scheduled,Daily (11:30 AM),1125,Success,TA,"0:18:45"
999,2026-03-06,Databricks,prod-gdo-fdh-workflow-okya,,Streaming,Okya,,Bronze,Scheduled,Hourly,644,Success,Blazeclan,"0:10:44"
1000,2026-03-06,Databricks,prod-gdo-fdh-silver-tillster-jb-order-staging-job,,Batch,Tillster,,Silver,Scheduled,Daily (12:00 PM),2310,Success,TA,"0:38:30"
1001,2026-03-06,Databricks,prod-gdo-fdh-silver-tillster-jb-customer-workflow,,Batch,Tillster,,Silver,Scheduled,Daily (12:00 PM),813,Success,TA,"0:13:33"
1002,2026-03-06,Databricks,prod-gdo-fdh-silver-tillster-jb-order-tender-job,,Batch,Tillster,,Silver,Scheduled,Daily (12:00 PM),1500,Success,TA,"0:25:00"
1003,2026-03-06,Databricks,prod-gdo-fdh-silver-tillster-jb-order-items-job,,Batch,Tillster,,Silver,Scheduled,Daily (12:00 PM),1520,Success,TA,"0:25:20"
1004,2026-03-06,Databricks,prod-gdo-fdh-silver-okya-jb-deactivation-workflow,,Batch,Okya,,Silver,Scheduled,Daily (12:00 PM),2878,Failed,TA,"0:47:58"
1005,2026-03-06,Databricks,prod-gdo-fdh-gold-archive-tables-job,,Batch,"Tillster, Okya",,Gold,Scheduled,Daily (12:30 PM),774,Success,TA,"0:12:54"
1006,2026-03-06,Databricks,prod-gdo-fdh-workflow-okya,,Streaming,Okya,,Bronze,Scheduled,Hourly,639,Success,Blazeclan,"0:10:39"
1007,2026-03-06,Databricks,prod-gdo-fdh-workflow-okya,,Streaming,Okya,,Bronze,Scheduled,Hourly,638,Success,Blazeclan,"0:10:38"
1008,2026-03-06,Databricks,prod-gdo-fdh-workflow-okya,,Streaming,Okya,,Bronze,Scheduled,Hourly,648,Success,Blazeclan,"0:10:48"
1009,2026-03-06,Databricks,prod-gdo-fdh-workflow-okya,,Streaming,Okya,,Bronze,Scheduled,Hourly,649,Success,Blazeclan,"0:10:49"
1010,2026-03-06,Databricks,prod-gdo-fdh-workflow-okya,,Streaming,Okya,,Bronze,Scheduled,Hourly,657,Success,Blazeclan,"0:10:57"
1011,2026-03-06,Databricks,fdh_workflow_gemm_trademarketinggroup,,,,,,Scheduled,Daily (5:00 PM),690,Success,GDO,"0:11:30"
1012,2026-03-06,Databricks,fdh-workflow-gemm_storevisitresponses,,,,,,Scheduled,Daily (5:00 PM),744,Success,GDO,"0:12:24"
1013,2026-03-06,Databricks,prod-gdo-fdh-workflow-okya,,Streaming,Okya,,Bronze,Scheduled,Hourly,617,Success,Blazeclan,"0:10:17"
1014,2026-03-06,Databricks,prod-gdo-fdh-workflow-okya,,Streaming,Okya,,Bronze,Scheduled,Hourly,656,Success,Blazeclan,"0:10:56"
1015,2026-03-06,Databricks,prod-gdo-fdh-workflow-okya,,Streaming,Okya,,Bronze,Scheduled,Hourly,647,Success,Blazeclan,"0:10:47"
1016,2026-03-06,Databricks,prod-gdo-fdh-workflow-okya,,Streaming,Okya,,Bronze,Scheduled,Hourly,700,Success,Blazeclan,"0:11:40"
1017,2026-03-06,Databricks,prod-gdo-fdh-workflow-okya,,Streaming,Okya,,Bronze,Scheduled,Hourly,640,Success,Blazeclan,"0:10:40"
1018,2026-03-06,Databricks,prod-gdo-fdh-workflow-okya,,Streaming,Okya,,Bronze,Scheduled,Hourly,627,Success,Blazeclan,"0:10:27"
1019,2026-03-07,Databricks,prod-gdo-fdh-workflow-okya,,Streaming,Okya,,Bronze,Scheduled,Hourly,645,Success,Blazeclan,"0:10:45"
1020,2026-03-07,Databricks,prod-gdo-fdh-workflow-digital-performance,,,,,,Scheduled,Daily (12:30 AM) ,685,Failed,TM,"0:11:25"
1021,2026-03-07,Databricks,prod-gdo-fdh-workflow-okya,,Streaming,Okya,,Bronze,Scheduled,Hourly,659,Success,Blazeclan,"0:10:59"
1022,2026-03-07,Databricks,prod-gdo-fdh-workflow-okya,,Streaming,Okya,,Bronze,Scheduled,Hourly,634,Success,Blazeclan,"0:10:34"
1023,2026-03-07,Databricks,prod-gdo-fdh-workflow-braze,,,,,,Scheduled,Daily (2:00 AM),1376,Success,TM,"0:22:56"
1024,2026-03-07,Databricks,prod-gdo-fdh-workflow-qmai-bronze,,Streaming,QMAI,,Bronze,Scheduled,Daily (2:00 AM),866,Success,Blazeclan,"0:14:26"
1025,2026-03-07,Databricks,prod-gdo-fdh-workflow-okya,,Streaming,Okya,,Bronze,Scheduled,Hourly,648,Success,Blazeclan,"0:10:48"
1026,2026-03-07,Databricks,prod-gdo-fdh-workflow-qmai-silver-product_goods,,,,,,Scheduled,Daily (3:00 AM),534,Success,Blazeclan,"0:08:54"
1027,2026-03-07,Databricks,prod-gdo-fdh-workflow-qmai-silver,,Batch,QMAI,,Silver,Scheduled,Daily (3:00 AM),437,Success,Blazeclan,"0:07:17"
1028,2026-03-07,Databricks,prod-gdo-fdh-workflow-okya,,Streaming,Okya,,Bronze,Scheduled,Hourly,632,Success,Blazeclan,"0:10:32"
1029,2026-03-07,Databricks,prod-gdo-fdh-workflow-okya,,Streaming,Okya,,Bronze,Scheduled,Hourly,652,Success,Blazeclan,"0:10:52"
1030,2026-03-07,Databricks,prod-gdo-fdh-daily-workflow-ironman-rdbms,,,,,,Scheduled,Daily (5:30 AM),783,Success,Blazeclan,"0:13:03"
1031,2026-03-07,Databricks,prod-gdo-fdh-workflow-okya,,Streaming,Okya,,Bronze,Scheduled,Hourly,649,Success,Blazeclan,"0:10:49"
1032,2026-03-07,Databricks,prod-gdo-fdh-workflow-okya,,Streaming,Okya,,Bronze,Scheduled,Hourly,630,Success,Blazeclan,"0:10:30"
1033,2026-03-07,Databricks,prod-gdo-fdh-workflow-okya-silver,,,,,,Scheduled,Daily (7:24 AM),766,Success,Blazeclan,"0:12:46"
1034,2026-03-07,Databricks,prod-gdo-fdh-workflow-okya,,Streaming,Okya,,Bronze,Scheduled,Hourly,648,Success,Blazeclan,"0:10:48"
1035,2026-03-07,Databricks,prod-gdo-fdh-daily-workflow-qualtrics-api,,,,,,Scheduled,Daily (8:23 AM),860,Success,Blazeclan,"0:14:20"
1036,2026-03-07,Databricks,prod-gdo-fdh-daily-workflow-okya-api,,Batch,Okya,,Bronze,Scheduled,Daily (8:23 AM),1411,Success,Blazeclan,"0:23:31"
1037,2026-03-07,Databricks,prod-gdo-fdh-workflow-okya,,Streaming,Okya,,Bronze,Scheduled,Hourly,652,Success,Blazeclan,"0:10:52"
1038,2026-03-07,Databricks,prod-gdo-fdh-workflow-ga-dtls-daily,,,,,,Scheduled,Daily (9:00 AM),659,Success,DXC,"0:10:59"
1039,2026-03-07,Databricks,prod-gdo-fdh-workflow-ga-dtls-goal,,,,,,Scheduled,Daily (9:00 AM),690,Success,DXC,"0:11:30"
1040,2026-03-07,Databricks,prod-gdo-fdh-workflow-qualtrics-silver,,,,,,Scheduled,Daily (9:00 AM),703,Success,Blazeclan,"0:11:43"
1041,2026-03-07,Databricks,prod-gdo-fdh-workflow-okya,,Streaming,Okya,,Bronze,Scheduled,Hourly,642,Success,Blazeclan,"0:10:42"
1042,2026-03-07,Databricks,prod-gdo-fdh-daily-workflow-tillster,,Batch,Tillster,,Bronze,Scheduled,Daily (10:23 AM),845,Success,Blazeclan,"0:14:05"
1043,2026-03-07,Databricks,prod-gdo-fdh-grabfood-workflow,,,,,,Scheduled,Daily (10:30 AM),956,Success,TM,"0:15:56"
1044,2026-03-07,Databricks,prod-gdo-fdh-workflow-foodpanda,,,,,,Scheduled,Daily (10:30 AM),914,Success,TM,"0:15:14"
1045,2026-03-07,Databricks,prod-gdo-fdh-workflow-okya,,Streaming,Okya,,Bronze,Scheduled,Hourly,670,Success,Blazeclan,"0:11:10"
1046,2026-03-07,Databricks,Daily Run - Freedompay,,,,,,Scheduled,Daily (10:00 AM),729,Success,GDO,"0:12:09"
1047,2026-03-07,Databricks,prod-gdo-fdh-silver-okya-jb-user-address-job,,Batch,Okya,,Silver,Scheduled,Daily (11:30 AM),1146,Success,TA,"0:19:06"
1048,2026-03-07,Databricks,prod-gdo-fdh-silver-okya-jb-order-tender-job,,Batch,Okya,,Silver,Scheduled,Daily (11:30 AM),1002,Success,TA,"0:16:42"
1049,2026-03-07,Databricks,prod-gdo-fdh-silver-okya-jb-order-items-job,,Batch,Okya,,Silver,Scheduled,Daily (11:30 AM),887,Success,TA,"0:14:47"
1050,2026-03-07,Databricks,prod-gdo-fdh-silver-okya-jb-order-staging-job,,Batch,Okya,,Silver,Scheduled,Daily (11:30 AM),1357,Success,TA,"0:22:37"
1051,2026-03-07,Databricks,prod-gdo-fdh-silver-okya-jb-customer-workflow,,Batch,Okya,,Silver,Scheduled,Daily (11:30 AM),1294,Success,TA,"0:21:34"
1052,2026-03-07,Databricks,prod-gdo-fdh-workflow-okya,,Streaming,Okya,,Bronze,Scheduled,Hourly,669,Success,Blazeclan,"0:11:09"
1053,2026-03-07,Databricks,prod-gdo-fdh-silver-tillster-jb-order-staging-job,,Batch,Tillster,,Silver,Scheduled,Daily (12:00 PM),758,Success,TA,"0:12:38"
1054,2026-03-07,Databricks,prod-gdo-fdh-silver-tillster-jb-customer-workflow,,Batch,Tillster,,Silver,Scheduled,Daily (12:00 PM),726,Success,TA,"0:12:06"
1055,2026-03-07,Databricks,prod-gdo-fdh-silver-tillster-jb-order-tender-job,,Batch,Tillster,,Silver,Scheduled,Daily (12:00 PM),743,Success,TA,"0:12:23"
1056,2026-03-07,Databricks,prod-gdo-fdh-silver-tillster-jb-order-items-job,,Batch,Tillster,,Silver,Scheduled,Daily (12:00 PM),652,Success,TA,"0:10:52"
1057,2026-03-07,Databricks,prod-gdo-fdh-silver-okya-jb-deactivation-workflow,,Batch,Okya,,Silver,Scheduled,Daily (12:00 PM),2592,Failed,TA,"0:43:12"
1058,2026-03-07,Databricks,prod-gdo-fdh-gold-archive-tables-job,,Batch,"Tillster, Okya",,Gold,Scheduled,Daily (12:30 PM),862,Success,TA,"0:14:22"
1059,2026-03-07,Databricks,prod-gdo-fdh-workflow-okya,,Streaming,Okya,,Bronze,Scheduled,Hourly,632,Success,Blazeclan,"0:10:32"
1060,2026-03-07,Databricks,prod-gdo-fdh-workflow-okya,,Streaming,Okya,,Bronze,Scheduled,Hourly,657,Success,Blazeclan,"0:10:57"
1061,2026-03-07,Databricks,prod-gdo-fdh-workflow-okya,,Streaming,Okya,,Bronze,Scheduled,Hourly,639,Success,Blazeclan,"0:10:39"
1062,2026-03-07,Databricks,prod-gdo-fdh-workflow-okya,,Streaming,Okya,,Bronze,Scheduled,Hourly,643,Success,Blazeclan,"0:10:43"
1063,2026-03-07,Databricks,prod-gdo-fdh-workflow-okya,,Streaming,Okya,,Bronze,Scheduled,Hourly,652,Success,Blazeclan,"0:10:52"
1064,2026-03-07,Databricks,fdh_workflow_gemm_trademarketinggroup,,,,,,Scheduled,Daily (5:00 PM),780,Success,GDO,"0:13:00"
1065,2026-03-07,Databricks,fdh-workflow-gemm_storevisitresponses,,,,,,Scheduled,Daily (5:00 PM),843,Success,GDO,"0:14:03"
1066,2026-03-07,Databricks,prod-gdo-fdh-workflow-okya,,Streaming,Okya,,Bronze,Scheduled,Hourly,646,Success,Blazeclan,"0:10:46"
1067,2026-03-07,Databricks,prod-gdo-fdh-workflow-okya,,Streaming,Okya,,Bronze,Scheduled,Hourly,643,Success,Blazeclan,"0:10:43"
1068,2026-03-07,Databricks,prod-gdo-fdh-workflow-okya,,Streaming,Okya,,Bronze,Scheduled,Hourly,641,Success,Blazeclan,"0:10:41"
1069,2026-03-07,Databricks,prod-gdo-fdh-workflow-okya,,Streaming,Okya,,Bronze,Scheduled,Hourly,663,Success,Blazeclan,"0:11:03"
1070,2026-03-07,Databricks,prod-gdo-fdh-workflow-okya,,Streaming,Okya,,Bronze,Scheduled,Hourly,639,Success,Blazeclan,"0:10:39"
1071,2026-03-07,Databricks,prod-gdo-fdh-workflow-okya,,Streaming,Okya,,Bronze,Scheduled,Hourly,662,Success,Blazeclan,"0:11:02"
1072,2026-03-08,Databricks,prod-gdo-fdh-workflow-okya,,Streaming,Okya,,Bronze,Scheduled,Hourly,641,Success,Blazeclan,"0:10:41"
1073,2026-03-08,Databricks,prod-gdo-fdh-workflow-digital-performance,,,,,,Scheduled,Daily (12:30 AM) ,700,Failed,TM,"0:11:40"
1074,2026-03-08,Databricks,prod-gdo-fdh-workflow-okya,,Streaming,Okya,,Bronze,Scheduled,Hourly,657,Success,Blazeclan,"0:10:57"
1075,2026-03-08,Databricks,prod-gdo-fdh-workflow-okya,,Streaming,Okya,,Bronze,Scheduled,Hourly,664,Success,Blazeclan,"0:11:04"
1076,2026-03-08,Databricks,prod-gdo-fdh-workflow-braze,,,,,,Scheduled,Daily (2:00 AM),1811,Success,TM,"0:30:11"
1077,2026-03-08,Databricks,prod-gdo-fdh-workflow-qmai-bronze,,Streaming,QMAI,,Bronze,Scheduled,Daily (2:00 AM),900,Success,Blazeclan,"0:15:00"
1078,2026-03-08,Databricks,prod-gdo-fdh-workflow-okya,,Streaming,Okya,,Bronze,Scheduled,Hourly,648,Success,Blazeclan,"0:10:48"
1079,2026-03-08,Databricks,prod-gdo-fdh-workflow-qmai-silver-product_goods,,,,,,Scheduled,Daily (3:00 AM),526,Success,Blazeclan,"0:08:46"
1080,2026-03-08,Databricks,prod-gdo-fdh-workflow-qmai-silver,,Batch,QMAI,,Silver,Scheduled,Daily (3:00 AM),540,Success,Blazeclan,"0:09:00"
1081,2026-03-08,Databricks,prod-gdo-fdh-workflow-okya,,Streaming,Okya,,Bronze,Scheduled,Hourly,646,Success,Blazeclan,"0:10:46"
1082,2026-03-08,Databricks,prod-gdo-fdh-workflow-okya,,Streaming,Okya,,Bronze,Scheduled,Hourly,626,Success,Blazeclan,"0:10:26"
1083,2026-03-08,Databricks,prod-gdo-fdh-daily-workflow-ironman-rdbms,,,,,,Scheduled,Daily (5:30 AM),781,Success,Blazeclan,"0:13:01"
1084,2026-03-08,Databricks,prod-gdo-fdh-workflow-okya,,Streaming,Okya,,Bronze,Scheduled,Hourly,643,Success,Blazeclan,"0:10:43"
1085,2026-03-08,Databricks,prod-gdo-fdh-workflow-okya,,Streaming,Okya,,Bronze,Scheduled,Hourly,650,Success,Blazeclan,"0:10:50"
1086,2026-03-08,Databricks,prod-gdo-fdh-workflow-okya-silver,,,,,,Scheduled,Daily (7:24 AM),771,Success,Blazeclan,"0:12:51"
1087,2026-03-08,Databricks,prod-gdo-fdh-workflow-okya,,Streaming,Okya,,Bronze,Scheduled,Hourly,643,Success,Blazeclan,"0:10:43"
1088,2026-03-08,Databricks,prod-gdo-fdh-daily-workflow-qualtrics-api,,,,,,Scheduled,Daily (8:23 AM),598,Failed,Blazeclan,"0:09:58"
1089,2026-03-08,Databricks,prod-gdo-fdh-daily-workflow-okya-api,,Batch,Okya,,Bronze,Scheduled,Daily (8:23 AM),1392,Success,Blazeclan,"0:23:12"
1090,2026-03-08,Databricks,prod-gdo-fdh-workflow-okya,,Streaming,Okya,,Bronze,Scheduled,Hourly,627,Success,Blazeclan,"0:10:27"
1091,2026-03-08,Databricks,prod-gdo-fdh-workflow-ga-dtls-daily,,,,,,Scheduled,Daily (9:00 AM),620,Success,DXC,"0:10:20"
1092,2026-03-08,Databricks,prod-gdo-fdh-workflow-ga-dtls-goal,,,,,,Scheduled,Daily (9:00 AM),631,Success,DXC,"0:10:31"
1093,2026-03-08,Databricks,prod-gdo-fdh-workflow-qualtrics-silver,,,,,,Scheduled,Daily (9:00 AM),633,Success,Blazeclan,"0:10:33"
1094,2026-03-08,Databricks,prod-gdo-fdh-workflow-okya,,Streaming,Okya,,Bronze,Scheduled,Hourly,633,Success,Blazeclan,"0:10:33"
1095,2026-03-08,Databricks,prod-gdo-fdh-daily-workflow-tillster,,Batch,Tillster,,Bronze,Scheduled,Daily (10:23 AM),815,Success,Blazeclan,"0:13:35"
1096,2026-03-08,Databricks,prod-gdo-fdh-grabfood-workflow,,,,,,Scheduled,Daily (10:30 AM),1082,Success,TM,"0:18:02"
1097,2026-03-08,Databricks,prod-gdo-fdh-workflow-foodpanda,,,,,,Scheduled,Daily (10:30 AM),884,Success,TM,"0:14:44"
1098,2026-03-08,Databricks,prod-gdo-fdh-workflow-okya,,Streaming,Okya,,Bronze,Scheduled,Hourly,633,Success,Blazeclan,"0:10:33"
1099,2026-03-08,Databricks,Daily Run - Freedompay,,,,,,Scheduled,Daily (10:00 AM),706,Success,GDO,"0:11:46"
1100,2026-03-08,Databricks,prod-gdo-fdh-silver-okya-jb-user-address-job,,Batch,Okya,,Silver,Scheduled,Daily (11:30 AM),969,Success,TA,"0:16:09"
1101,2026-03-08,Databricks,prod-gdo-fdh-silver-okya-jb-order-tender-job,,Batch,Okya,,Silver,Scheduled,Daily (11:30 AM),768,Success,TA,"0:12:48"
1102,2026-03-08,Databricks,prod-gdo-fdh-silver-okya-jb-order-items-job,,Batch,Okya,,Silver,Scheduled,Daily (11:30 AM),998,Success,TA,"0:16:38"
1103,2026-03-08,Databricks,prod-gdo-fdh-silver-okya-jb-order-staging-job,,Batch,Okya,,Silver,Scheduled,Daily (11:30 AM),1235,Success,TA,"0:20:35"
1104,2026-03-08,Databricks,prod-gdo-fdh-silver-okya-jb-customer-workflow,,Batch,Okya,,Silver,Scheduled,Daily (11:30 AM),1323,Success,TA,"0:22:03"
1105,2026-03-08,Databricks,prod-gdo-fdh-workflow-okya,,Streaming,Okya,,Bronze,Scheduled,Hourly,636,Success,Blazeclan,"0:10:36"
1106,2026-03-08,Databricks,prod-gdo-fdh-silver-tillster-jb-order-staging-job,,Batch,Tillster,,Silver,Scheduled,Daily (12:00 PM),691,Success,TA,"0:11:31"
1107,2026-03-08,Databricks,prod-gdo-fdh-silver-tillster-jb-customer-workflow,,Batch,Tillster,,Silver,Scheduled,Daily (12:00 PM),726,Success,TA,"0:12:06"
1108,2026-03-08,Databricks,prod-gdo-fdh-silver-tillster-jb-order-tender-job,,Batch,Tillster,,Silver,Scheduled,Daily (12:00 PM),759,Success,TA,"0:12:39"
1109,2026-03-08,Databricks,prod-gdo-fdh-silver-tillster-jb-order-items-job,,Batch,Tillster,,Silver,Scheduled,Daily (12:00 PM),658,Success,TA,"0:10:58"
1110,2026-03-08,Databricks,prod-gdo-fdh-silver-okya-jb-deactivation-workflow,,Batch,Okya,,Silver,Scheduled,Daily (12:00 PM),2558,Failed,TA,"0:42:38"
1111,2026-03-08,Databricks,prod-gdo-fdh-gold-archive-tables-job,,Batch,"Tillster, Okya",,Gold,Scheduled,Daily (12:30 PM),833,Success,TA,"0:13:53"
1112,2026-03-08,Databricks,prod-gdo-fdh-workflow-okya,,Streaming,Okya,,Bronze,Scheduled,Hourly,662,Success,Blazeclan,"0:11:02"
1113,2026-03-08,Databricks,prod-gdo-fdh-workflow-okya,,Streaming,Okya,,Bronze,Scheduled,Hourly,638,Success,Blazeclan,"0:10:38"
1114,2026-03-08,Databricks,prod-gdo-fdh-workflow-okya,,Streaming,Okya,,Bronze,Scheduled,Hourly,628,Success,Blazeclan,"0:10:28"
1115,2026-03-08,Databricks,prod-gdo-fdh-workflow-okya,,Streaming,Okya,,Bronze,Scheduled,Hourly,636,Success,Blazeclan,"0:10:36"
1116,2026-03-08,Databricks,prod-gdo-fdh-workflow-okya,,Streaming,Okya,,Bronze,Scheduled,Hourly,644,Success,Blazeclan,"0:10:44"
1117,2026-03-08,Databricks,fdh_workflow_gemm_trademarketinggroup,,,,,,Scheduled,Daily (5:00 PM),671,Success,GDO,"0:11:11"
1118,2026-03-08,Databricks,fdh-workflow-gemm_storevisitresponses,,,,,,Scheduled,Daily (5:00 PM),718,Success,GDO,"0:11:58"
1119,2026-03-08,Databricks,prod-gdo-fdh-workflow-okya,,Streaming,Okya,,Bronze,Scheduled,Hourly,655,Success,Blazeclan,"0:10:55"
1120,2026-03-08,Databricks,prod-gdo-fdh-workflow-okya,,Streaming,Okya,,Bronze,Scheduled,Hourly,642,Success,Blazeclan,"0:10:42"
1121,2026-03-08,Databricks,prod-gdo-fdh-workflow-okya,,Streaming,Okya,,Bronze,Scheduled,Hourly,647,Success,Blazeclan,"0:10:47"
1122,2026-03-08,Databricks,prod-gdo-fdh-workflow-okya,,Streaming,Okya,,Bronze,Scheduled,Hourly,649,Success,Blazeclan,"0:10:49"
1123,2026-03-08,Databricks,prod-gdo-fdh-workflow-okya,,Streaming,Okya,,Bronze,Scheduled,Hourly,700,Success,Blazeclan,"0:11:40"
1124,2026-03-08,Databricks,prod-gdo-fdh-workflow-okya,,Streaming,Okya,,Bronze,Scheduled,Hourly,846,Success,Blazeclan,"0:14:06"
1125,2026-03-09,Databricks,prod-gdo-fdh-workflow-okya,,Streaming,Okya,,Bronze,Scheduled,Hourly,647,Success,Blazeclan,"0:10:47"
1126,2026-03-09,Databricks,prod-gdo-fdh-workflow-digital-performance,,,,,,Scheduled,Daily (12:30 AM) ,964,Failed,TM,"0:16:04"
1127,2026-03-09,Databricks,prod-gdo-fdh-workflow-okya,,Streaming,Okya,,Bronze,Scheduled,Hourly,653,Success,Blazeclan,"0:10:53"
1128,2026-03-09,Databricks,prod-gdo-fdh-workflow-okya,,Streaming,Okya,,Bronze,Scheduled,Hourly,641,Success,Blazeclan,"0:10:41"
1129,2026-03-09,Databricks,prod-gdo-fdh-workflow-braze,,,,,,Scheduled,Daily (2:00 AM),1437,Success,TM,"0:23:57"
1130,2026-03-09,Databricks,prod-gdo-fdh-workflow-qmai-bronze,,Streaming,QMAI,,Bronze,Scheduled,Daily (2:00 AM),992,Success,Blazeclan,"0:16:32"
1131,2026-03-09,Databricks,prod-gdo-fdh-workflow-okya,,Streaming,Okya,,Bronze,Scheduled,Hourly,630,Success,Blazeclan,"0:10:30"
1132,2026-03-09,Databricks,prod-gdo-fdh-workflow-qmai-silver-product_goods,,,,,,Scheduled,Daily (3:00 AM),522,Success,Blazeclan,"0:08:42"
1133,2026-03-09,Databricks,prod-gdo-fdh-workflow-qmai-silver,,Batch,QMAI,,Silver,Scheduled,Daily (3:00 AM),698,Success,Blazeclan,"0:11:38"
1134,2026-03-09,Databricks,prod-gdo-fdh-workflow-okya,,Streaming,Okya,,Bronze,Scheduled,Hourly,619,Success,Blazeclan,"0:10:19"
1135,2026-03-09,Databricks,prod-gdo-fdh-workflow-okya,,Streaming,Okya,,Bronze,Scheduled,Hourly,630,Success,Blazeclan,"0:10:30"
1136,2026-03-09,Databricks,prod-gdo-fdh-daily-workflow-ironman-rdbms,,,,,,Scheduled,Daily (5:30 AM),776,Success,Blazeclan,"0:12:56"
1137,2026-03-09,Databricks,prod-gdo-fdh-workflow-okya,,Streaming,Okya,,Bronze,Scheduled,Hourly,662,Success,Blazeclan,"0:11:02"
1138,2026-03-09,Databricks,prod-gdo-fdh-workflow-okya,,Streaming,Okya,,Bronze,Scheduled,Hourly,629,Success,Blazeclan,"0:10:29"
1139,2026-03-09,Databricks,prod-gdo-fdh-workflow-okya-silver,,,,,,Scheduled,Daily (7:24 AM),766,Success,Blazeclan,"0:12:46"
1140,2026-03-09,Databricks,prod-gdo-fdh-workflow-okya,,Streaming,Okya,,Bronze,Scheduled,Hourly,630,Success,Blazeclan,"0:10:30"
1141,2026-03-09,Databricks,prod-gdo-fdh-daily-workflow-qualtrics-api,,,,,,Scheduled,Daily (8:23 AM),614,Failed,Blazeclan,"0:10:14"
1142,2026-03-09,Databricks,prod-gdo-fdh-daily-workflow-okya-api,,Batch,Okya,,Bronze,Scheduled,Daily (8:23 AM),1419,Success,Blazeclan,"0:23:39"
1143,2026-03-09,Databricks,prod-gdo-fdh-workflow-okya,,Streaming,Okya,,Bronze,Scheduled,Hourly,635,Success,Blazeclan,"0:10:35"
1144,2026-03-09,Databricks,prod-gdo-fdh-workflow-ga-dtls-daily,,,,,,Scheduled,Daily (9:00 AM),648,Success,DXC,"0:10:48"
1145,2026-03-09,Databricks,prod-gdo-fdh-workflow-ga-dtls-goal,,,,,,Scheduled,Daily (9:00 AM),705,Success,DXC,"0:11:45"
1146,2026-03-09,Databricks,prod-gdo-fdh-workflow-qualtrics-silver,,,,,,Scheduled,Daily (9:00 AM),625,Success,Blazeclan,"0:10:25"
1147,2026-03-09,Databricks,prod-gdo-fdh-workflow-okya,,Streaming,Okya,,Bronze,Scheduled,Hourly,642,Success,Blazeclan,"0:10:42"
1148,2026-03-09,Databricks,prod-gdo-fdh-daily-workflow-tillster,,Batch,Tillster,,Bronze,Scheduled,Daily (10:23 AM),810,Success,Blazeclan,"0:13:30"
1149,2026-03-09,Databricks,prod-gdo-fdh-grabfood-workflow,,,,,,Scheduled,Daily (10:30 AM),978,Success,TM,"0:16:18"
1150,2026-03-09,Databricks,prod-gdo-fdh-workflow-foodpanda,,,,,,Scheduled,Daily (10:30 AM),893,Success,TM,"0:14:53"
1151,2026-03-09,Databricks,prod-gdo-fdh-workflow-okya,,Streaming,Okya,,Bronze,Scheduled,Hourly,634,Success,Blazeclan,"0:10:34"
1152,2026-03-09,Databricks,Daily Run - Freedompay,,,,,,Scheduled,Daily (10:00 AM),732,Success,GDO,"0:12:12"
1153,2026-03-09,Databricks,prod-gdo-fdh-silver-okya-jb-user-address-job,,Batch,Okya,,Silver,Scheduled,Daily (11:30 AM),911,Success,TA,"0:15:11"
1154,2026-03-09,Databricks,prod-gdo-fdh-silver-okya-jb-order-tender-job,,Batch,Okya,,Silver,Scheduled,Daily (11:30 AM),919,Success,TA,"0:15:19"
1155,2026-03-09,Databricks,prod-gdo-fdh-silver-okya-jb-order-items-job,,Batch,Okya,,Silver,Scheduled,Daily (11:30 AM),1109,Success,TA,"0:18:29"
1156,2026-03-09,Databricks,prod-gdo-fdh-silver-okya-jb-order-staging-job,,Batch,Okya,,Silver,Scheduled,Daily (11:30 AM),1258,Success,TA,"0:20:58"
1157,2026-03-09,Databricks,prod-gdo-fdh-silver-okya-jb-customer-workflow,,Batch,Okya,,Silver,Scheduled,Daily (11:30 AM),1135,Success,TA,"0:18:55"
1158,2026-03-09,Databricks,prod-gdo-fdh-workflow-okya,,Streaming,Okya,,Bronze,Scheduled,Hourly,645,Success,Blazeclan,"0:10:45"
1159,2026-03-09,Databricks,prod-gdo-fdh-silver-tillster-jb-order-staging-job,,Batch,Tillster,,Silver,Scheduled,Daily (12:00 PM),728,Success,TA,"0:12:08"
1160,2026-03-09,Databricks,prod-gdo-fdh-silver-tillster-jb-customer-workflow,,Batch,Tillster,,Silver,Scheduled,Daily (12:00 PM),774,Success,TA,"0:12:54"
1161,2026-03-09,Databricks,prod-gdo-fdh-silver-tillster-jb-order-tender-job,,Batch,Tillster,,Silver,Scheduled,Daily (12:00 PM),750,Success,TA,"0:12:30"
1162,2026-03-09,Databricks,prod-gdo-fdh-silver-tillster-jb-order-items-job,,Batch,Tillster,,Silver,Scheduled,Daily (12:00 PM),659,Success,TA,"0:10:59"
1163,2026-03-09,Databricks,prod-gdo-fdh-silver-okya-jb-deactivation-workflow,,Batch,Okya,,Silver,Scheduled,Daily (12:00 PM),2537,Failed,TA,"0:42:17"
1164,2026-03-09,Databricks,prod-gdo-fdh-gold-archive-tables-job,,Batch,"Tillster, Okya",,Gold,Scheduled,Daily (12:30 PM),804,Success,TA,"0:13:24"
1165,2026-03-09,Databricks,prod-gdo-fdh-workflow-okya,,Streaming,Okya,,Bronze,Scheduled,Hourly,663,Success,Blazeclan,"0:11:03"
1166,2026-03-09,Databricks,prod-gdo-fdh-workflow-okya,,Streaming,Okya,,Bronze,Scheduled,Hourly,638,Success,Blazeclan,"0:10:38"
1167,2026-03-09,Databricks,prod-gdo-fdh-workflow-okya,,Streaming,Okya,,Bronze,Scheduled,Hourly,631,Success,Blazeclan,"0:10:31"
1168,2026-03-09,Databricks,prod-gdo-fdh-workflow-okya,,Streaming,Okya,,Bronze,Scheduled,Hourly,639,Success,Blazeclan,"0:10:39"
1169,2026-03-09,Databricks,prod-gdo-fdh-workflow-okya,,Streaming,Okya,,Bronze,Scheduled,Hourly,628,Success,Blazeclan,"0:10:28"
1170,2026-03-09,Databricks,fdh_workflow_gemm_trademarketinggroup,,,,,,Scheduled,Daily (5:00 PM),661,Success,GDO,"0:11:01"
1171,2026-03-09,Databricks,fdh-workflow-gemm_storevisitresponses,,,,,,Scheduled,Daily (5:00 PM),714,Success,GDO,"0:11:54"
1172,2026-03-09,Databricks,prod-gdo-fdh-workflow-okya,,Streaming,Okya,,Bronze,Scheduled,Hourly,657,Success,Blazeclan,"0:10:57"
1173,2026-03-09,Databricks,prod-gdo-fdh-workflow-okya,,Streaming,Okya,,Bronze,Scheduled,Hourly,641,Success,Blazeclan,"0:10:41"
1174,2026-03-09,Databricks,prod-gdo-fdh-workflow-okya,,Streaming,Okya,,Bronze,Scheduled,Hourly,634,Success,Blazeclan,"0:10:34"
1175,2026-03-09,Databricks,prod-gdo-fdh-workflow-okya,,Streaming,Okya,,Bronze,Scheduled,Hourly,646,Success,Blazeclan,"0:10:46"
1176,2026-03-09,Databricks,prod-gdo-fdh-workflow-okya,,Streaming,Okya,,Bronze,Scheduled,Hourly,631,Success,Blazeclan,"0:10:31"
1177,2026-03-09,Databricks,prod-gdo-fdh-workflow-okya,,Streaming,Okya,,Bronze,Scheduled,Hourly,1797,Success,Blazeclan,"0:29:57"
1178,2026-03-09,Databricks,prod-gdo-fdh-c360-pipeline,,Batch,"Tillster, Okya",,Gold,Scheduled,Weekly (Monday 2:00 PM),3113,Failed,TA,"0:51:53"
1179,2026-03-10,Databricks,prod-gdo-fdh-workflow-okya,,Streaming,Okya,,Bronze,Scheduled,Hourly,638,Success,Blazeclan,"0:10:38"
1180,2026-03-10,Databricks,prod-gdo-fdh-workflow-digital-performance,,,,,,Scheduled,Daily (12:30 AM) ,1031,Failed,TM,"0:17:11"
1181,2026-03-10,Databricks,prod-gdo-fdh-workflow-okya,,Streaming,Okya,,Bronze,Scheduled,Hourly,636,Success,Blazeclan,"0:10:36"
1182,2026-03-10,Databricks,prod-gdo-fdh-workflow-okya,,Streaming,Okya,,Bronze,Scheduled,Hourly,652,Success,Blazeclan,"0:10:52"
1183,2026-03-10,Databricks,prod-gdo-fdh-workflow-braze,,,,,,Scheduled,Daily (2:00 AM),1871,Success,TM,"0:31:11"
1184,2026-03-10,Databricks,prod-gdo-fdh-workflow-qmai-bronze,,Streaming,QMAI,,Bronze,Scheduled,Daily (2:00 AM),963,Success,Blazeclan,"0:16:03"
1185,2026-03-10,Databricks,prod-gdo-fdh-workflow-okya,,Streaming,Okya,,Bronze,Scheduled,Hourly,623,Success,Blazeclan,"0:10:23"
1186,2026-03-10,Databricks,prod-gdo-fdh-workflow-qmai-silver-product_goods,,,,,,Scheduled,Daily (3:00 AM),531,Success,Blazeclan,"0:08:51"
1187,2026-03-10,Databricks,prod-gdo-fdh-workflow-qmai-silver,,Batch,QMAI,,Silver,Scheduled,Daily (3:00 AM),656,Success,Blazeclan,"0:10:56"
1188,2026-03-10,Databricks,prod-gdo-fdh-workflow-okya,,Streaming,Okya,,Bronze,Scheduled,Hourly,682,Success,Blazeclan,"0:11:22"
1189,2026-03-10,Databricks,prod-gdo-fdh-workflow-okya,,Streaming,Okya,,Bronze,Scheduled,Hourly,646,Success,Blazeclan,"0:10:46"
1190,2026-03-10,Databricks,prod-gdo-fdh-daily-workflow-ironman-rdbms,,,,,,Scheduled,Daily (5:30 AM),773,Success,Blazeclan,"0:12:53"
1191,2026-03-10,Databricks,prod-gdo-fdh-workflow-okya,,Streaming,Okya,,Bronze,Scheduled,Hourly,642,Success,Blazeclan,"0:10:42"
1192,2026-03-10,Databricks,prod-gdo-fdh-workflow-okya,,Streaming,Okya,,Bronze,Scheduled,Hourly,630,Success,Blazeclan,"0:10:30"
1193,2026-03-10,Databricks,prod-gdo-fdh-workflow-okya-silver,,,,,,Scheduled,Daily (7:24 AM),759,Success,Blazeclan,"0:12:39"
1194,2026-03-10,Databricks,prod-gdo-fdh-workflow-okya,,Streaming,Okya,,Bronze,Scheduled,Hourly,652,Success,Blazeclan,"0:10:52"
1195,2026-03-10,Databricks,prod-gdo-fdh-daily-workflow-qualtrics-api,,,,,,Scheduled,Daily (8:23 AM),615,Success,Blazeclan,"0:10:15"
1196,2026-03-10,Databricks,prod-gdo-fdh-daily-workflow-okya-api,,Batch,Okya,,Bronze,Scheduled,Daily (8:23 AM),1388,Success,Blazeclan,"0:23:08"
1197,2026-03-10,Databricks,prod-gdo-fdh-workflow-okya,,Streaming,Okya,,Bronze,Scheduled,Hourly,659,Success,Blazeclan,"0:10:59"
1198,2026-03-10,Databricks,prod-gdo-fdh-workflow-ga-dtls-daily,,,,,,Scheduled,Daily (9:00 AM),668,Success,DXC,"0:11:08"
1199,2026-03-10,Databricks,prod-gdo-fdh-workflow-ga-dtls-goal,,,,,,Scheduled,Daily (9:00 AM),696,Success,DXC,"0:11:36"
1200,2026-03-10,Databricks,prod-gdo-fdh-workflow-qualtrics-silver,,,,,,Scheduled,Daily (9:00 AM),473,Success,Blazeclan,"0:07:53"
1201,2026-03-10,Databricks,prod-gdo-fdh-workflow-okya,,Streaming,Okya,,Bronze,Scheduled,Hourly,539,Success,Blazeclan,"0:08:59"
1202,2026-03-10,Databricks,prod-gdo-fdh-daily-workflow-tillster,,Batch,Tillster,,Bronze,Scheduled,Daily (10:23 AM),811,Success,Blazeclan,"0:13:31"
1203,2026-03-10,Databricks,prod-gdo-fdh-grabfood-workflow,,,,,,Scheduled,Daily (10:30 AM),981,Success,TM,"0:16:21"
1204,2026-03-10,Databricks,prod-gdo-fdh-workflow-foodpanda,,,,,,Scheduled,Daily (10:30 AM),892,Success,TM,"0:14:52"
1205,2026-03-10,Databricks,prod-gdo-fdh-workflow-okya,,Streaming,Okya,,Bronze,Scheduled,Hourly,639,Success,Blazeclan,"0:10:39"
1206,2026-03-10,Databricks,Daily Run - Freedompay,,,,,,Scheduled,Daily (10:00 AM),740,Success,GDO,"0:12:20"
1207,2026-03-10,Databricks,prod-gdo-fdh-silver-okya-jb-user-address-job,,Batch,Okya,,Silver,Scheduled,Daily (11:30 AM),1090,Success,TA,"0:18:10"
1208,2026-03-10,Databricks,prod-gdo-fdh-silver-okya-jb-order-tender-job,,Batch,Okya,,Silver,Scheduled,Daily (11:30 AM),855,Success,TA,"0:14:15"
1209,2026-03-10,Databricks,prod-gdo-fdh-silver-okya-jb-order-items-job,,Batch,Okya,,Silver,Scheduled,Daily (11:30 AM),965,Success,TA,"0:16:05"
1210,2026-03-10,Databricks,prod-gdo-fdh-silver-okya-jb-order-staging-job,,Batch,Okya,,Silver,Scheduled,Daily (11:30 AM),1149,Success,TA,"0:19:09"
1211,2026-03-10,Databricks,prod-gdo-fdh-silver-okya-jb-customer-workflow,,Batch,Okya,,Silver,Scheduled,Daily (11:30 AM),1174,Success,TA,"0:19:34"
1212,2026-03-10,Databricks,prod-gdo-fdh-workflow-okya,,Streaming,Okya,,Bronze,Scheduled,Hourly,656,Success,Blazeclan,"0:10:56"
1213,2026-03-10,Databricks,prod-gdo-fdh-silver-tillster-jb-order-staging-job,,Batch,Tillster,,Silver,Scheduled,Daily (12:00 PM),787,Success,TA,"0:13:07"
1214,2026-03-10,Databricks,prod-gdo-fdh-silver-tillster-jb-customer-workflow,,Batch,Tillster,,Silver,Scheduled,Daily (12:00 PM),700,Success,TA,"0:11:40"
1215,2026-03-10,Databricks,prod-gdo-fdh-silver-tillster-jb-order-tender-job,,Batch,Tillster,,Silver,Scheduled,Daily (12:00 PM),752,Success,TA,"0:12:32"
1216,2026-03-10,Databricks,prod-gdo-fdh-silver-tillster-jb-order-items-job,,Batch,Tillster,,Silver,Scheduled,Daily (12:00 PM),665,Success,TA,"0:11:05"
1217,2026-03-10,Databricks,prod-gdo-fdh-silver-okya-jb-deactivation-workflow,,Batch,Okya,,Silver,Scheduled,Daily (12:00 PM),2179,Success,TA,"0:36:19"
1218,2026-03-10,Databricks,prod-gdo-fdh-gold-archive-tables-job,,Batch,"Tillster, Okya",,Gold,Scheduled,Daily (12:30 PM),724,Success,TA,"0:12:04"
1219,2026-03-10,Databricks,prod-gdo-fdh-workflow-okya,,Streaming,Okya,,Bronze,Scheduled,Hourly,646,Success,Blazeclan,"0:10:46"
1220,2026-03-10,Databricks,prod-gdo-fdh-workflow-okya,,Streaming,Okya,,Bronze,Scheduled,Hourly,632,Success,Blazeclan,"0:10:32"
1221,2026-03-10,Databricks,prod-gdo-fdh-workflow-okya,,Streaming,Okya,,Bronze,Scheduled,Hourly,641,Success,Blazeclan,"0:10:41"
1222,2026-03-10,Databricks,prod-gdo-fdh-workflow-okya,,Streaming,Okya,,Bronze,Scheduled,Hourly,651,Success,Blazeclan,"0:10:51"
1223,2026-03-10,Databricks,prod-gdo-fdh-workflow-okya,,Streaming,Okya,,Bronze,Scheduled,Hourly,671,Success,Blazeclan,"0:11:11"
1224,2026-03-10,Databricks,fdh_workflow_gemm_trademarketinggroup,,,,,,Scheduled,Daily (5:00 PM),505,Failed,GDO,"0:08:25"
1225,2026-03-10,Databricks,fdh-workflow-gemm_storevisitresponses,,,,,,Scheduled,Daily (5:00 PM),787,Success,GDO,"0:13:07"
1226,2026-03-10,Databricks,prod-gdo-fdh-workflow-okya,,Streaming,Okya,,Bronze,Scheduled,Hourly,644,Success,Blazeclan,"0:10:44"
1227,2026-03-10,Databricks,prod-gdo-fdh-workflow-okya,,Streaming,Okya,,Bronze,Scheduled,Hourly,640,Success,Blazeclan,"0:10:40"
1228,2026-03-10,Databricks,prod-gdo-fdh-workflow-okya,,Streaming,Okya,,Bronze,Scheduled,Hourly,637,Success,Blazeclan,"0:10:37"
1229,2026-03-10,Databricks,prod-gdo-fdh-workflow-okya,,Streaming,Okya,,Bronze,Scheduled,Hourly,641,Success,Blazeclan,"0:10:41"
1230,2026-03-10,Databricks,prod-gdo-fdh-workflow-okya,,Streaming,Okya,,Bronze,Scheduled,Hourly,639,Success,Blazeclan,"0:10:39"
1231,2026-03-10,Databricks,prod-gdo-fdh-workflow-okya,,Streaming,Okya,,Bronze,Scheduled,Hourly,645,Success,Blazeclan,"0:10:45"
1232,2026-03-11,Databricks,prod-gdo-fdh-workflow-okya,,Streaming,Okya,,Bronze,Scheduled,Hourly,662,Success,Blazeclan,"0:11:02"
1233,2026-03-11,Databricks,prod-gdo-fdh-workflow-digital-performance,,,,,,Scheduled,Daily (12:30 AM) ,1031,Failed,TM,"0:17:11"
1234,2026-03-11,Databricks,prod-gdo-fdh-workflow-okya,,Streaming,Okya,,Bronze,Scheduled,Hourly,649,Success,Blazeclan,"0:10:49"
1235,2026-03-11,Databricks,prod-gdo-fdh-workflow-okya,,Streaming,Okya,,Bronze,Scheduled,Hourly,646,Success,Blazeclan,"0:10:46"
1236,2026-03-11,Databricks,prod-gdo-fdh-workflow-braze,,,,,,Scheduled,Daily (2:00 AM),1189,Success,TM,"0:19:49"
1237,2026-03-11,Databricks,prod-gdo-fdh-workflow-qmai-bronze,,Streaming,QMAI,,Bronze,Scheduled,Daily (2:00 AM),1546,Failed,Blazeclan,"0:25:46"
1238,2026-03-11,Databricks,prod-gdo-fdh-workflow-okya,,Streaming,Okya,,Bronze,Scheduled,Hourly,649,Success,Blazeclan,"0:10:49"
1239,2026-03-11,Databricks,prod-gdo-fdh-workflow-qmai-silver-product_goods,,,,,,Scheduled,Daily (3:00 AM),526,Success,Blazeclan,"0:08:46"
1240,2026-03-11,Databricks,prod-gdo-fdh-workflow-qmai-silver,,Batch,QMAI,,Silver,Scheduled,Daily (3:00 AM),508,Success,Blazeclan,"0:08:28"
1241,2026-03-11,Databricks,prod-gdo-fdh-workflow-okya,,Streaming,Okya,,Bronze,Scheduled,Hourly,683,Success,Blazeclan,"0:11:23"
1242,2026-03-11,Databricks,prod-gdo-fdh-workflow-okya,,Streaming,Okya,,Bronze,Scheduled,Hourly,656,Success,Blazeclan,"0:10:56"
1243,2026-03-11,Databricks,prod-gdo-fdh-daily-workflow-ironman-rdbms,,,,,,Scheduled,Daily (5:30 AM),783,Success,Blazeclan,"0:13:03"
1244,2026-03-11,Databricks,prod-gdo-fdh-workflow-okya,,Streaming,Okya,,Bronze,Scheduled,Hourly,669,Success,Blazeclan,"0:11:09"
1245,2026-03-11,Databricks,prod-gdo-fdh-workflow-okya,,Streaming,Okya,,Bronze,Scheduled,Hourly,649,Success,Blazeclan,"0:10:49"
1246,2026-03-11,Databricks,prod-gdo-fdh-workflow-okya-silver,,,,,,Scheduled,Daily (7:24 AM),667,Success,Blazeclan,"0:11:07"
1247,2026-03-11,Databricks,prod-gdo-fdh-workflow-okya,,Streaming,Okya,,Bronze,Scheduled,Hourly,667,Success,Blazeclan,"0:11:07"
1248,2026-03-11,Databricks,prod-gdo-fdh-daily-workflow-qualtrics-api,,,,,,Scheduled,Daily (8:23 AM),607,Failed,Blazeclan,"0:10:07"
1249,2026-03-11,Databricks,prod-gdo-fdh-daily-workflow-okya-api,,Batch,Okya,,Bronze,Scheduled,Daily (8:23 AM),1418,Success,Blazeclan,"0:23:38"
1250,2026-03-11,Databricks,prod-gdo-fdh-workflow-okya,,Streaming,Okya,,Bronze,Scheduled,Hourly,649,Success,Blazeclan,"0:10:49"
1251,2026-03-11,Databricks,prod-gdo-fdh-workflow-ga-dtls-daily,,,,,,Scheduled,Daily (9:00 AM),660,Success,DXC,"0:11:00"
1252,2026-03-11,Databricks,prod-gdo-fdh-workflow-ga-dtls-goal,,,,,,Scheduled,Daily (9:00 AM),686,Success,DXC,"0:11:26"
1253,2026-03-11,Databricks,prod-gdo-fdh-workflow-qualtrics-silver,,,,,,Scheduled,Daily (9:00 AM),664,Success,Blazeclan,"0:11:04"
1254,2026-03-11,Databricks,prod-gdo-fdh-workflow-okya,,Streaming,Okya,,Bronze,Scheduled,Hourly,666,Success,Blazeclan,"0:11:06"
1255,2026-03-11,Databricks,prod-gdo-fdh-daily-workflow-tillster,,Batch,Tillster,,Bronze,Scheduled,Daily (10:23 AM),843,Success,Blazeclan,"0:14:03"
1256,2026-03-11,Databricks,prod-gdo-fdh-grabfood-workflow,,,,,,Scheduled,Daily (10:30 AM),1001,Success,TM,"0:16:41"
1257,2026-03-11,Databricks,prod-gdo-fdh-workflow-foodpanda,,,,,,Scheduled,Daily (10:30 AM),959,Success,TM,"0:15:59"
1258,2026-03-11,Databricks,prod-gdo-fdh-workflow-okya,,Streaming,Okya,,Bronze,Scheduled,Hourly,648,Success,Blazeclan,"0:10:48"
1259,2026-03-11,Databricks,Daily Run - Freedompay,,,,,,Scheduled,Daily (10:00 AM),737,Success,GDO,"0:12:17"
1260,2026-03-11,Databricks,prod-gdo-fdh-silver-okya-jb-user-address-job,,Batch,Okya,,Silver,Scheduled,Daily (11:30 AM),1023,Success,TA,"0:17:03"
1261,2026-03-11,Databricks,prod-gdo-fdh-silver-okya-jb-order-tender-job,,Batch,Okya,,Silver,Scheduled,Daily (11:30 AM),891,Success,TA,"0:14:51"
1262,2026-03-11,Databricks,prod-gdo-fdh-silver-okya-jb-order-items-job,,Batch,Okya,,Silver,Scheduled,Daily (11:30 AM),1108,Success,TA,"0:18:28"
1263,2026-03-11,Databricks,prod-gdo-fdh-silver-okya-jb-order-staging-job,,Batch,Okya,,Silver,Scheduled,Daily (11:30 AM),1268,Success,TA,"0:21:08"
1264,2026-03-11,Databricks,prod-gdo-fdh-silver-okya-jb-customer-workflow,,Batch,Okya,,Silver,Scheduled,Daily (11:30 AM),1249,Success,TA,"0:20:49"
1265,2026-03-11,Databricks,prod-gdo-fdh-workflow-okya,,Streaming,Okya,,Bronze,Scheduled,Hourly,655,Success,Blazeclan,"0:10:55"
1266,2026-03-11,Databricks,prod-gdo-fdh-silver-tillster-jb-order-staging-job,,Batch,Tillster,,Silver,Scheduled,Daily (12:00 PM),731,Success,TA,"0:12:11"
1267,2026-03-11,Databricks,prod-gdo-fdh-silver-tillster-jb-customer-workflow,,Batch,Tillster,,Silver,Scheduled,Daily (12:00 PM),841,Success,TA,"0:14:01"
1268,2026-03-11,Databricks,prod-gdo-fdh-silver-tillster-jb-order-tender-job,,Batch,Tillster,,Silver,Scheduled,Daily (12:00 PM),753,Success,TA,"0:12:33"
1269,2026-03-11,Databricks,prod-gdo-fdh-silver-tillster-jb-order-items-job,,Batch,Tillster,,Silver,Scheduled,Daily (12:00 PM),773,Success,TA,"0:12:53"
1270,2026-03-11,Databricks,prod-gdo-fdh-silver-okya-jb-deactivation-workflow,,Batch,Okya,,Silver,Scheduled,Daily (12:00 PM),1955,Success,TA,"0:32:35"
1271,2026-03-11,Databricks,prod-gdo-fdh-gold-archive-tables-job,,Batch,"Tillster, Okya",,Gold,Scheduled,Daily (12:30 PM),719,Success,TA,"0:11:59"
1272,2026-03-11,Databricks,prod-gdo-fdh-workflow-okya,,Streaming,Okya,,Bronze,Scheduled,Hourly,667,Success,Blazeclan,"0:11:07"
1273,2026-03-11,Databricks,prod-gdo-fdh-workflow-okya,,Streaming,Okya,,Bronze,Scheduled,Hourly,546,Success,Blazeclan,"0:09:06"
1274,2026-03-11,Databricks,prod-gdo-fdh-workflow-okya,,Streaming,Okya,,Bronze,Scheduled,Hourly,643,Success,Blazeclan,"0:10:43"
1275,2026-03-11,Databricks,prod-gdo-fdh-workflow-okya,,Streaming,Okya,,Bronze,Scheduled,Hourly,677,Success,Blazeclan,"0:11:17"
1276,2026-03-11,Databricks,prod-gdo-fdh-workflow-okya,,Streaming,Okya,,Bronze,Scheduled,Hourly,530,Success,Blazeclan,"0:08:50"
1277,2026-03-11,Databricks,fdh_workflow_gemm_trademarketinggroup,,,,,,Scheduled,Daily (5:00 PM),815,Success,GDO,"0:13:35"
1278,2026-03-11,Databricks,fdh-workflow-gemm_storevisitresponses,,,,,,Scheduled,Daily (5:00 PM),875,Success,GDO,"0:14:35"
1279,2026-03-11,Databricks,prod-gdo-fdh-workflow-okya,,Streaming,Okya,,Bronze,Scheduled,Hourly,766,Success,Blazeclan,"0:12:46"
1280,2026-03-11,Databricks,prod-gdo-fdh-workflow-okya,,Streaming,Okya,,Bronze,Scheduled,Hourly,704,Success,Blazeclan,"0:11:44"
1281,2026-03-11,Databricks,prod-gdo-fdh-workflow-okya,,Streaming,Okya,,Bronze,Scheduled,Hourly,658,Success,Blazeclan,"0:10:58"
1282,2026-03-11,Databricks,prod-gdo-fdh-workflow-okya,,Streaming,Okya,,Bronze,Scheduled,Hourly,657,Success,Blazeclan,"0:10:57"
1283,2026-03-11,Databricks,prod-gdo-fdh-workflow-okya,,Streaming,Okya,,Bronze,Scheduled,Hourly,646,Success,Blazeclan,"0:10:46"
1284,2026-03-11,Databricks,prod-gdo-fdh-workflow-okya,,Streaming,Okya,,Bronze,Scheduled,Hourly,675,Success,Blazeclan,"0:11:15"
1285,2026-03-12,Databricks,prod-gdo-fdh-workflow-digital-performance,,,,,,Scheduled,Daily (12:30 AM) ,5979,Success,TM,"1:39:39"
1286,2026-03-12,Databricks,prod-gdo-fdh-workflow-okya,,Streaming,Okya,,Bronze,Scheduled,Hourly,654,Success,Blazeclan,"0:10:54"
1287,2026-03-12,Databricks,prod-gdo-fdh-workflow-okya,,Streaming,Okya,,Bronze,Scheduled,Hourly,641,Success,Blazeclan,"0:10:41"
1288,2026-03-12,Databricks,prod-gdo-fdh-workflow-braze,,,,,,Scheduled,Daily (2:00 AM),1271,Success,TM,"0:21:11"
1289,2026-03-12,Databricks,prod-gdo-fdh-workflow-qmai-bronze,,Streaming,QMAI,,Bronze,Scheduled,Daily (2:00 AM),0,,Blazeclan,
1290,2026-03-12,Databricks,prod-gdo-fdh-workflow-okya,,Streaming,Okya,,Bronze,Scheduled,Hourly,660,Success,Blazeclan,"0:11:00"
1291,2026-03-12,Databricks,prod-gdo-fdh-workflow-qmai-silver-product_goods,,,,,,Scheduled,Daily (3:00 AM),534,Success,Blazeclan,"0:08:54"
1292,2026-03-12,Databricks,prod-gdo-fdh-workflow-qmai-silver,,Batch,QMAI,,Silver,Scheduled,Daily (3:00 AM),522,Failed,Blazeclan,"0:08:42"
1293,2026-03-12,Databricks,prod-gdo-fdh-workflow-okya,,Streaming,Okya,,Bronze,Scheduled,Hourly,635,Success,Blazeclan,"0:10:35"
1294,2026-03-12,Databricks,prod-gdo-fdh-workflow-okya,,Streaming,Okya,,Bronze,Scheduled,Hourly,659,Success,Blazeclan,"0:10:59"
1295,2026-03-12,Databricks,prod-gdo-fdh-daily-workflow-ironman-rdbms,,,,,,Scheduled,Daily (5:30 AM),743,Success,Blazeclan,"0:12:23"
1296,2026-03-12,Databricks,prod-gdo-fdh-workflow-okya,,Streaming,Okya,,Bronze,Scheduled,Hourly,665,Success,Blazeclan,"0:11:05"
1297,2026-03-12,Databricks,prod-gdo-fdh-workflow-okya,,Streaming,Okya,,Bronze,Scheduled,Hourly,671,Success,Blazeclan,"0:11:11"
1298,2026-03-12,Databricks,prod-gdo-fdh-workflow-okya-silver,,,,,,Scheduled,Daily (7:24 AM),773,Success,Blazeclan,"0:12:53"
1299,2026-03-12,Databricks,prod-gdo-fdh-workflow-okya,,Streaming,Okya,,Bronze,Scheduled,Hourly,657,Success,Blazeclan,"0:10:57"
1300,2026-03-12,Databricks,prod-gdo-fdh-daily-workflow-qualtrics-api,,,,,,Scheduled,Daily (8:23 AM),833,Success,Blazeclan,"0:13:53"
1301,2026-03-12,Databricks,prod-gdo-fdh-daily-workflow-okya-api,,Batch,Okya,,Bronze,Scheduled,Daily (8:23 AM),1414,Success,Blazeclan,"0:23:34"
1302,2026-03-12,Databricks,prod-gdo-fdh-workflow-okya,,Streaming,Okya,,Bronze,Scheduled,Hourly,662,Success,Blazeclan,"0:11:02"
1303,2026-03-12,Databricks,prod-gdo-fdh-workflow-ga-dtls-daily,,,,,,Scheduled,Daily (9:00 AM),678,Success,DXC,"0:11:18"
1304,2026-03-12,Databricks,prod-gdo-fdh-workflow-ga-dtls-goal,,,,,,Scheduled,Daily (9:00 AM),679,Success,DXC,"0:11:19"
1305,2026-03-12,Databricks,prod-gdo-fdh-workflow-qualtrics-silver,,,,,,Scheduled,Daily (9:00 AM),718,Success,Blazeclan,"0:11:58"
1306,2026-03-12,Databricks,prod-gdo-fdh-workflow-okya,,Streaming,Okya,,Bronze,Scheduled,Hourly,657,Success,Blazeclan,"0:10:57"
1307,2026-03-12,Databricks,prod-gdo-fdh-daily-workflow-tillster,,Batch,Tillster,,Bronze,Scheduled,Daily (10:23 AM),820,Success,Blazeclan,"0:13:40"
1308,2026-03-12,Databricks,prod-gdo-fdh-grabfood-workflow,,,,,,Scheduled,Daily (10:30 AM),975,Success,TM,"0:16:15"
1309,2026-03-12,Databricks,prod-gdo-fdh-workflow-foodpanda,,,,,,Scheduled,Daily (10:30 AM),962,Success,TM,"0:16:02"
1310,2026-03-12,Databricks,prod-gdo-fdh-workflow-okya,,Streaming,Okya,,Bronze,Scheduled,Hourly,654,Success,Blazeclan,"0:10:54"
1311,2026-03-12,Databricks,Daily Run - Freedompay,,,,,,Scheduled,Daily (10:00 AM),720,Success,GDO,"0:12:00"
1312,2026-03-12,Databricks,prod-gdo-fdh-silver-okya-jb-user-address-job,,Batch,Okya,,Silver,Scheduled,Daily (11:30 AM),985,Success,TA,"0:16:25"
1313,2026-03-12,Databricks,prod-gdo-fdh-silver-okya-jb-order-tender-job,,Batch,Okya,,Silver,Scheduled,Daily (11:30 AM),934,Success,TA,"0:15:34"
1314,2026-03-12,Databricks,prod-gdo-fdh-silver-okya-jb-order-items-job,,Batch,Okya,,Silver,Scheduled,Daily (11:30 AM),1085,Success,TA,"0:18:05"
1315,2026-03-12,Databricks,prod-gdo-fdh-silver-okya-jb-order-staging-job,,Batch,Okya,,Silver,Scheduled,Daily (11:30 AM),1215,Success,TA,"0:20:15"
1316,2026-03-12,Databricks,prod-gdo-fdh-silver-okya-jb-customer-workflow,,Batch,Okya,,Silver,Scheduled,Daily (11:30 AM),1212,Success,TA,"0:20:12"
1317,2026-03-12,Databricks,prod-gdo-fdh-workflow-okya,,Streaming,Okya,,Bronze,Scheduled,Hourly,668,Success,Blazeclan,"0:11:08"
1318,2026-03-12,Databricks,prod-gdo-fdh-silver-tillster-jb-order-staging-job,,Batch,Tillster,,Silver,Scheduled,Daily (12:00 PM),814,Success,TA,"0:13:34"
1319,2026-03-12,Databricks,prod-gdo-fdh-silver-tillster-jb-customer-workflow,,Batch,Tillster,,Silver,Scheduled,Daily (12:00 PM),755,Success,TA,"0:12:35"
1320,2026-03-12,Databricks,prod-gdo-fdh-silver-tillster-jb-order-tender-job,,Batch,Tillster,,Silver,Scheduled,Daily (12:00 PM),730,Success,TA,"0:12:10"
1321,2026-03-12,Databricks,prod-gdo-fdh-silver-tillster-jb-order-items-job,,Batch,Tillster,,Silver,Scheduled,Daily (12:00 PM),674,Success,TA,"0:11:14"
1322,2026-03-12,Databricks,prod-gdo-fdh-silver-okya-jb-deactivation-workflow,,Batch,Okya,,Silver,Scheduled,Daily (12:00 PM),2231,Failed,TA,"0:37:11"
1323,2026-03-12,Databricks,prod-gdo-fdh-gold-archive-tables-job,,Batch,"Tillster, Okya",,Gold,Scheduled,Daily (12:30 PM),791,Success,TA,"0:13:11"
1324,2026-03-12,Databricks,prod-gdo-fdh-workflow-okya,,Streaming,Okya,,Bronze,Scheduled,Hourly,658,Success,Blazeclan,"0:10:58"
1325,2026-03-12,Databricks,prod-gdo-fdh-workflow-okya,,Streaming,Okya,,Bronze,Scheduled,Hourly,726,Success,Blazeclan,"0:12:06"
1326,2026-03-12,Databricks,prod-gdo-fdh-workflow-okya,,Streaming,Okya,,Bronze,Scheduled,Hourly,660,Success,Blazeclan,"0:11:00"
1327,2026-03-12,Databricks,prod-gdo-fdh-workflow-okya,,Streaming,Okya,,Bronze,Scheduled,Hourly,645,Success,Blazeclan,"0:10:45"
1328,2026-03-12,Databricks,prod-gdo-fdh-workflow-okya,,Streaming,Okya,,Bronze,Scheduled,Hourly,705,Success,Blazeclan,"0:11:45"
1329,2026-03-12,Databricks,fdh_workflow_gemm_trademarketinggroup,,,,,,Scheduled,Daily (5:00 PM),686,Success,GDO,"0:11:26"
1330,2026-03-12,Databricks,fdh-workflow-gemm_storevisitresponses,,,,,,Scheduled,Daily (5:00 PM),531,Failed,GDO,"0:08:51"
1331,2026-03-12,Databricks,prod-gdo-fdh-workflow-okya,,Streaming,Okya,,Bronze,Scheduled,Hourly,657,Success,Blazeclan,"0:10:57"
1332,2026-03-12,Databricks,prod-gdo-fdh-workflow-okya,,Streaming,Okya,,Bronze,Scheduled,Hourly,657,Success,Blazeclan,"0:10:57"
1333,2026-03-12,Databricks,prod-gdo-fdh-workflow-okya,,Streaming,Okya,,Bronze,Scheduled,Hourly,660,Success,Blazeclan,"0:11:00"
1334,2026-03-12,Databricks,prod-gdo-fdh-workflow-okya,,Streaming,Okya,,Bronze,Scheduled,Hourly,666,Success,Blazeclan,"0:11:06"
1335,2026-03-12,Databricks,prod-gdo-fdh-workflow-okya,,Streaming,Okya,,Bronze,Scheduled,Hourly,630,Success,Blazeclan,"0:10:30"
1336,2026-03-12,Databricks,prod-gdo-fdh-workflow-okya,,Streaming,Okya,,Bronze,Scheduled,Hourly,650,Success,Blazeclan,"0:10:50"
1337,2026-03-12,Databricks,fdh_workflow_gemm_trademarketinggroup,,,,,,Manual Re-run,Daily (5:00 PM),636,Failed,GDO,"0:10:36"
1338,2026-03-12,Databricks,fdh_workflow_gemm_trademarketinggroup,,,,,,Manual Re-run,Daily (5:00 PM),111,Failed,GDO,"0:01:51"
1339,2026-03-12,Databricks,fdh_workflow_gemm_trademarketinggroup,,,,,,Manual Re-run,Daily (5:00 PM),252,Success,GDO,"0:04:12"
1340,2026-03-12,Databricks,fdh_workflow_gemm_trademarketinggroup,,,,,,Manual Re-run,Daily (5:00 PM),536,Failed,GDO,"0:08:56"
1341,2026-03-12,Databricks,fdh_workflow_gemm_trademarketinggroup,,,,,,Manual Re-run,Daily (5:00 PM),55,Failed,GDO,"0:00:55"
1342,2026-03-12,Databricks,fdh_workflow_gemm_trademarketinggroup,,,,,,Manual Re-run,Daily (5:00 PM),230,Success,GDO,"0:03:50"
1343,2026-03-13,Databricks,prod-gdo-fdh-workflow-okya,,Streaming,Okya,,Bronze,Scheduled,Hourly,661,Success,Blazeclan,"0:11:01"
1344,2026-03-13,Databricks,prod-gdo-fdh-workflow-digital-performance,,,,,,Scheduled,Daily (12:30 AM) ,5746,Success,TM,"1:35:46"
1345,2026-03-13,Databricks,prod-gdo-fdh-workflow-okya,,Streaming,Okya,,Bronze,Scheduled,Hourly,654,Success,Blazeclan,"0:10:54"
1346,2026-03-13,Databricks,prod-gdo-fdh-workflow-okya,,Streaming,Okya,,Bronze,Scheduled,Hourly,631,Success,Blazeclan,"0:10:31"
1347,2026-03-13,Databricks,prod-gdo-fdh-workflow-braze,,,,,,Scheduled,Daily (2:00 AM),1227,Success,TM,"0:20:27"
1348,2026-03-13,Databricks,prod-gdo-fdh-workflow-qmai-bronze,,Streaming,QMAI,,Bronze,Scheduled,Daily (2:00 AM),0,Skipped,Blazeclan,
1349,2026-03-13,Databricks,prod-gdo-fdh-workflow-okya,,Streaming,Okya,,Bronze,Scheduled,Hourly,659,Success,Blazeclan,"0:10:59"
1350,2026-03-13,Databricks,prod-gdo-fdh-workflow-qmai-silver-product_goods,,,,,,Scheduled,Daily (3:00 AM),533,Success,Blazeclan,"0:08:53"
1351,2026-03-13,Databricks,prod-gdo-fdh-workflow-qmai-silver,,Batch,QMAI,,Silver,Scheduled,Daily (3:00 AM),522,Failed,Blazeclan,"0:08:42"
1352,2026-03-13,Databricks,prod-gdo-fdh-workflow-okya,,Streaming,Okya,,Bronze,Scheduled,Hourly,641,Success,Blazeclan,"0:10:41"
1353,2026-03-13,Databricks,prod-gdo-fdh-workflow-okya,,Streaming,Okya,,Bronze,Scheduled,Hourly,670,Success,Blazeclan,"0:11:10"
1354,2026-03-13,Databricks,prod-gdo-fdh-daily-workflow-ironman-rdbms,,,,,,Scheduled,Daily (5:30 AM),792,Success,Blazeclan,"0:13:12"
1355,2026-03-13,Databricks,prod-gdo-fdh-workflow-okya,,Streaming,Okya,,Bronze,Scheduled,Hourly,678,Success,Blazeclan,"0:11:18"
1356,2026-03-13,Databricks,prod-gdo-fdh-workflow-okya,,Streaming,Okya,,Bronze,Scheduled,Hourly,650,Success,Blazeclan,"0:10:50"
1357,2026-03-13,Databricks,prod-gdo-fdh-workflow-okya-silver,,,,,,Scheduled,Daily (7:24 AM),788,Success,Blazeclan,"0:13:08"
1358,2026-03-13,Databricks,prod-gdo-fdh-workflow-okya,,Streaming,Okya,,Bronze,Scheduled,Hourly,658,Success,Blazeclan,"0:10:58"
1359,2026-03-13,Databricks,prod-gdo-fdh-daily-workflow-qualtrics-api,,,,,,Scheduled,Daily (8:23 AM),822,Success,Blazeclan,"0:13:42"
1360,2026-03-13,Databricks,prod-gdo-fdh-daily-workflow-okya-api,,Batch,Okya,,Bronze,Scheduled,Daily (8:23 AM),1397,Success,Blazeclan,"0:23:17"
1361,2026-03-13,Databricks,prod-gdo-fdh-workflow-okya,,Streaming,Okya,,Bronze,Scheduled,Hourly,645,Success,Blazeclan,"0:10:45"
1362,2026-03-13,Databricks,prod-gdo-fdh-workflow-ga-dtls-daily,,,,,,Scheduled,Daily (9:00 AM),682,Success,DXC,"0:11:22"
1363,2026-03-13,Databricks,prod-gdo-fdh-workflow-ga-dtls-goal,,,,,,Scheduled,Daily (9:00 AM),675,Success,DXC,"0:11:15"
1364,2026-03-13,Databricks,prod-gdo-fdh-workflow-qualtrics-silver,,,,,,Scheduled,Daily (9:00 AM),542,Success,Blazeclan,"0:09:02"
1365,2026-03-13,Databricks,prod-gdo-fdh-workflow-okya,,Streaming,Okya,,Bronze,Scheduled,Hourly,678,Success,Blazeclan,"0:11:18"
1366,2026-03-13,Databricks,prod-gdo-fdh-daily-workflow-tillster,,Batch,Tillster,,Bronze,Scheduled,Daily (10:23 AM),814,Success,Blazeclan,"0:13:34"
1367,2026-03-13,Databricks,prod-gdo-fdh-grabfood-workflow,,,,,,Scheduled,Daily (10:30 AM),1026,Success,TM,"0:17:06"
1368,2026-03-13,Databricks,prod-gdo-fdh-workflow-foodpanda,,,,,,Scheduled,Daily (10:30 AM),963,Success,TM,"0:16:03"
1369,2026-03-13,Databricks,prod-gdo-fdh-workflow-okya,,Streaming,Okya,,Bronze,Scheduled,Hourly,695,Success,Blazeclan,"0:11:35"
1370,2026-03-13,Databricks,Daily Run - Freedompay,,,,,,Scheduled,Daily (10:00 AM),772,Success,GDO,"0:12:52"
1371,2026-03-13,Databricks,prod-gdo-fdh-silver-okya-jb-user-address-job,,Batch,Okya,,Silver,Scheduled,Daily (11:30 AM),1044,Success,TA,"0:17:24"
1372,2026-03-13,Databricks,prod-gdo-fdh-silver-okya-jb-order-tender-job,,Batch,Okya,,Silver,Scheduled,Daily (11:30 AM),892,Success,TA,"0:14:52"
1373,2026-03-13,Databricks,prod-gdo-fdh-silver-okya-jb-order-items-job,,Batch,Okya,,Silver,Scheduled,Daily (11:30 AM),1061,Success,TA,"0:17:41"
1374,2026-03-13,Databricks,prod-gdo-fdh-silver-okya-jb-order-staging-job,,Batch,Okya,,Silver,Scheduled,Daily (11:30 AM),1386,Success,TA,"0:23:06"
1375,2026-03-13,Databricks,prod-gdo-fdh-silver-okya-jb-customer-workflow,,Batch,Okya,,Silver,Scheduled,Daily (11:30 AM),1242,Success,TA,"0:20:42"
1376,2026-03-13,Databricks,prod-gdo-fdh-workflow-okya,,Streaming,Okya,,Bronze,Scheduled,Hourly,648,Success,Blazeclan,"0:10:48"
1377,2026-03-13,Databricks,prod-gdo-fdh-silver-tillster-jb-order-staging-job,,Batch,Tillster,,Silver,Scheduled,Daily (12:00 PM),662,Success,TA,"0:11:02"
1378,2026-03-13,Databricks,prod-gdo-fdh-silver-tillster-jb-customer-workflow,,Batch,Tillster,,Silver,Scheduled,Daily (12:00 PM),885,Success,TA,"0:14:45"
1379,2026-03-13,Databricks,prod-gdo-fdh-silver-tillster-jb-order-tender-job,,Batch,Tillster,,Silver,Scheduled,Daily (12:00 PM),633,Success,TA,"0:10:33"
1380,2026-03-13,Databricks,prod-gdo-fdh-silver-tillster-jb-order-items-job,,Batch,Tillster,,Silver,Scheduled,Daily (12:00 PM),669,Success,TA,"0:11:09"
1381,2026-03-13,Databricks,prod-gdo-fdh-silver-okya-jb-deactivation-workflow,,Batch,Okya,,Silver,Scheduled,Daily (12:00 PM),2526,Failed,TA,"0:42:06"
1382,2026-03-13,Databricks,prod-gdo-fdh-gold-archive-tables-job,,Batch,"Tillster, Okya",,Gold,Scheduled,Daily (12:30 PM),802,Success,TA,"0:13:22"
1383,2026-03-13,Databricks,prod-gdo-fdh-workflow-okya,,Streaming,Okya,,Bronze,Scheduled,Hourly,687,Success,Blazeclan,"0:11:27"
1384,2026-03-13,Databricks,prod-gdo-fdh-workflow-okya,,Streaming,Okya,,Bronze,Scheduled,Hourly,681,Success,Blazeclan,"0:11:21"
1385,2026-03-13,Databricks,prod-gdo-fdh-workflow-okya,,Streaming,Okya,,Bronze,Scheduled,Hourly,658,Success,Blazeclan,"0:10:58"
1386,2026-03-13,Databricks,prod-gdo-fdh-workflow-okya,,Streaming,Okya,,Bronze,Scheduled,Hourly,630,Success,Blazeclan,"0:10:30"
1387,2026-03-13,Databricks,prod-gdo-fdh-workflow-okya,,Streaming,Okya,,Bronze,Scheduled,Hourly,670,Success,Blazeclan,"0:11:10"
1388,2026-03-13,Databricks,fdh_workflow_gemm_trademarketinggroup,,,,,,Scheduled,Daily (5:00 PM),713,Success,GDO,"0:11:53"
1389,2026-03-13,Databricks,fdh-workflow-gemm_storevisitresponses,,,,,,Scheduled,Daily (5:00 PM),798,Success,GDO,"0:13:18"
1390,2026-03-13,Databricks,prod-gdo-fdh-workflow-okya,,Streaming,Okya,,Bronze,Scheduled,Hourly,662,Success,Blazeclan,"0:11:02"
1391,2026-03-13,Databricks,prod-gdo-fdh-workflow-okya,,Streaming,Okya,,Bronze,Scheduled,Hourly,634,Success,Blazeclan,"0:10:34"
1392,2026-03-13,Databricks,prod-gdo-fdh-workflow-okya,,Streaming,Okya,,Bronze,Scheduled,Hourly,687,Success,Blazeclan,"0:11:27"
1393,2026-03-13,Databricks,prod-gdo-fdh-workflow-okya,,Streaming,Okya,,Bronze,Scheduled,Hourly,674,Success,Blazeclan,"0:11:14"
1394,2026-03-13,Databricks,prod-gdo-fdh-workflow-okya,,Streaming,Okya,,Bronze,Scheduled,Hourly,0,,Blazeclan,
1395,2026-03-13,Databricks,prod-gdo-fdh-workflow-okya,,Streaming,Okya,,Bronze,Scheduled,Hourly,0,,Blazeclan,
1396,2026-03-13,Databricks,fdh_workflow_gemm_trademarketinggroup,,,,,,Manual Re-run,Daily (5:00 PM),628,Success,GDO,"0:10:28"
